id,title,description,type,location,city,city_aliases,venue_type,indoor_outdoor,season,month_start,month_end,age_min,age_max,duration_minutes,price_dt,budget_level,requires_authorization,tags,educational_value,recommended_label,source_url,source_type
1,Atelier peinture créative - Cité des Sciences à Tunis,"Expression artistique libre avec peinture, couleurs et collage. Lieu: Cité des Sciences à Tunis. Contexte: Ateliers et exposés scientifiques.",ATELIER,Cité des Sciences à Tunis,tunis,tunis|ariana|la goulette|carthage,SCIENCE_CENTER,INDOOR,ALL,1,12,2,6,75,12,LOW,false,art;creativite;peinture;motricite_fine,HIGH,HIGHLY_RECOMMENDED,https://cst.rnu.tn/fr/contentTopic?label_slug=ateliers-et-exposes,verified_venue + synthetic_activity_template
2,Atelier lecture et contes - Cité des Sciences à Tunis,"Lecture animée, comptines et découverte du livre en petit groupe. Lieu: Cité des Sciences à Tunis. Contexte: Ateliers et exposés scientifiques.",ACTIVITE,Cité des Sciences à Tunis,tunis,tunis|ariana|la goulette|carthage,SCIENCE_CENTER,INDOOR,ALL,1,12,2,5,45,0,LOW,false,lecture;conte;langage;calme,VERY_HIGH,HIGHLY_RECOMMENDED,https://cst.rnu.tn/fr/contentTopic?label_slug=ateliers-et-exposes,verified_venue + synthetic_activity_template
3,Atelier sciences ludiques - Cité des Sciences à Tunis,Expériences simples et sécurisées adaptées aux enfants. Lieu: Cité des Sciences à Tunis. Contexte: Ateliers et exposés scientifiques.,ATELIER,Cité des Sciences à Tunis,tunis,tunis|ariana|la goulette|carthage,SCIENCE_CENTER,INDOOR,ALL,1,12,4,6,60,15,LOW,false,science;curiosite;observation;experience,VERY_HIGH,HIGHLY_RECOMMENDED,https://cst.rnu.tn/fr/contentTopic?label_slug=ateliers-et-exposes,verified_venue + synthetic_activity_template
4,Visite découverte musée - Cité des Sciences à Tunis,Parcours très court centré sur l'observation et la curiosité. Lieu: Cité des Sciences à Tunis. Contexte: Ateliers et exposés scientifiques.,SORTIE,Cité des Sciences à Tunis,tunis,tunis|ariana|la goulette|carthage,SCIENCE_CENTER,INDOOR,ALL,1,12,4,6,90,10,LOW,true,musee;culture;observation;patrimoine,HIGH,HIGHLY_RECOMMENDED,https://cst.rnu.tn/fr/contentTopic?label_slug=ateliers-et-exposes,verified_venue + synthetic_activity_template
5,Parcours nature et observation - Cité des Sciences à Tunis,"Découverte des arbres, des insectes et des saisons dans un espace vert. Lieu: Cité des Sciences à Tunis. Contexte: Ateliers et exposés scientifiques.",SORTIE,Cité des Sciences à Tunis,tunis,tunis|ariana|la goulette|carthage,SCIENCE_CENTER,INDOOR,PRINTEMPS,3,5,2,6,90,0,LOW,true,nature;plein_air;observation;saisons,VERY_HIGH,HIGHLY_RECOMMENDED,https://cst.rnu.tn/fr/contentTopic?label_slug=ateliers-et-exposes,verified_venue + synthetic_activity_template
6,Jeux moteurs en plein air - Cité des Sciences à Tunis,"Parcours moteur, jeux collectifs et coordination en extérieur. Lieu: Cité des Sciences à Tunis. Contexte: Ateliers et exposés scientifiques.",ACTIVITE,Cité des Sciences à Tunis,tunis,tunis|ariana|la goulette|carthage,SCIENCE_CENTER,INDOOR,PRINTEMPS,3,5,2,6,75,0,LOW,false,motricite;plein_air;cooperation,HIGH,HIGHLY_RECOMMENDED,https://cst.rnu.tn/fr/contentTopic?label_slug=ateliers-et-exposes,verified_venue + synthetic_activity_template
7,Atelier jardinage - Cité des Sciences à Tunis,"Plantation de graines, arrosage et découverte du vivant. Lieu: Cité des Sciences à Tunis. Contexte: Ateliers et exposés scientifiques.",ATELIER,Cité des Sciences à Tunis,tunis,tunis|ariana|la goulette|carthage,SCIENCE_CENTER,INDOOR,PRINTEMPS,3,5,2,6,90,5,LOW,false,jardinage;nature;botanique;sensoriel,VERY_HIGH,HIGHLY_RECOMMENDED,https://cst.rnu.tn/fr/contentTopic?label_slug=ateliers-et-exposes,verified_venue + synthetic_activity_template
8,Jeux d'eau encadrés - Cité des Sciences à Tunis,"Jeux sensoriels d'été avec eau, bacs et activités rafraîchissantes. Lieu: Cité des Sciences à Tunis. Contexte: Ateliers et exposés scientifiques.",ACTIVITE,Cité des Sciences à Tunis,tunis,tunis|ariana|la goulette|carthage,SCIENCE_CENTER,INDOOR,ETE,6,8,2,6,60,8,LOW,false,ete;eau;sensoriel;motricite,HIGH,HIGHLY_RECOMMENDED,https://cst.rnu.tn/fr/contentTopic?label_slug=ateliers-et-exposes,verified_venue + synthetic_activity_template
9,Atelier musique et rythme - Cité des Sciences à Tunis,"Chansons, percussions douces et expression corporelle. Lieu: Cité des Sciences à Tunis. Contexte: Ateliers et exposés scientifiques.",ATELIER,Cité des Sciences à Tunis,tunis,tunis|ariana|la goulette|carthage,SCIENCE_CENTER,INDOOR,ALL,1,12,2,6,75,10,LOW,false,musique;rythme;expression;groupe,HIGH,HIGHLY_RECOMMENDED,https://cst.rnu.tn/fr/contentTopic?label_slug=ateliers-et-exposes,verified_venue + synthetic_activity_template
10,Mini exploration planétarium - Cité des Sciences à Tunis,Découverte visuelle de l'espace et des étoiles en séance courte. Lieu: Cité des Sciences à Tunis. Contexte: Ateliers et exposés scientifiques.,SORTIE,Cité des Sciences à Tunis,tunis,tunis|ariana|la goulette|carthage,SCIENCE_CENTER,INDOOR,ALL,1,12,4,6,60,14,LOW,true,astronomie;planetes;science;immersion,VERY_HIGH,HIGHLY_RECOMMENDED,https://cst.rnu.tn/fr/contentTopic?label_slug=ateliers-et-exposes,verified_venue + synthetic_activity_template
11,Atelier patrimoine visuel - Cité des Sciences à Tunis,"Observation de formes, mosaïques et objets anciens avec langage adapté. Lieu: Cité des Sciences à Tunis. Contexte: Ateliers et exposés scientifiques.",ATELIER,Cité des Sciences à Tunis,tunis,tunis|ariana|la goulette|carthage,SCIENCE_CENTER,INDOOR,ALL,1,12,4,6,45,10,LOW,true,patrimoine;mosaïque;culture;formes,HIGH,HIGHLY_RECOMMENDED,https://cst.rnu.tn/fr/contentTopic?label_slug=ateliers-et-exposes,verified_venue + synthetic_activity_template
12,Pique-nique pédagogique - Cité des Sciences à Tunis,"Temps calme en extérieur avec règles de groupe, repas et jeux libres. Lieu: Cité des Sciences à Tunis. Contexte: Ateliers et exposés scientifiques.",ACTIVITE,Cité des Sciences à Tunis,tunis,tunis|ariana|la goulette|carthage,SCIENCE_CENTER,INDOOR,PRINTEMPS,3,5,2,6,60,6,LOW,true,pique_nique;autonomie;plein_air;vie_collective,MEDIUM,RECOMMENDED,https://cst.rnu.tn/fr/contentTopic?label_slug=ateliers-et-exposes,verified_venue + synthetic_activity_template
13,Atelier collage nature - Cité des Sciences à Tunis,"Feuilles, fleurs et textures pour créer une œuvre simple. Lieu: Cité des Sciences à Tunis. Contexte: Ateliers et exposés scientifiques.",ATELIER,Cité des Sciences à Tunis,tunis,tunis|ariana|la goulette|carthage,SCIENCE_CENTER,INDOOR,AUTOMNE,9,11,2,6,75,7,LOW,false,nature;automne;collage;textures,HIGH,HIGHLY_RECOMMENDED,https://cst.rnu.tn/fr/contentTopic?label_slug=ateliers-et-exposes,verified_venue + synthetic_activity_template
14,Visite marine sensorielle - Cité des Sciences à Tunis,Découverte du monde marin avec vocabulaire simple et observation. Lieu: Cité des Sciences à Tunis. Contexte: Ateliers et exposés scientifiques.,SORTIE,Cité des Sciences à Tunis,tunis,tunis|ariana|la goulette|carthage,SCIENCE_CENTER,INDOOR,ALL,1,12,3,6,60,15,LOW,true,mer;poissons;marine;observation,VERY_HIGH,HIGHLY_RECOMMENDED,https://cst.rnu.tn/fr/contentTopic?label_slug=ateliers-et-exposes,verified_venue + synthetic_activity_template
15,Atelier théâtre et marionnettes - Cité des Sciences à Tunis,"Jeu symbolique, histoires courtes et manipulation de marionnettes. Lieu: Cité des Sciences à Tunis. Contexte: Ateliers et exposés scientifiques.",ATELIER,Cité des Sciences à Tunis,tunis,tunis|ariana|la goulette|carthage,SCIENCE_CENTER,INDOOR,HIVER,11,2,3,6,75,10,LOW,false,theatre;marionnettes;expression;langage,HIGH,HIGHLY_RECOMMENDED,https://cst.rnu.tn/fr/contentTopic?label_slug=ateliers-et-exposes,verified_venue + synthetic_activity_template
16,Atelier peinture créative - Planétarium de la Cité des Sciences à Tunis,"Expression artistique libre avec peinture, couleurs et collage. Lieu: Planétarium de la Cité des Sciences à Tunis. Contexte: Spectacles et programmation scientifique.",ATELIER,Planétarium de la Cité des Sciences à Tunis,tunis,tunis|ariana|la goulette|carthage,PLANETARIUM,INDOOR,ALL,1,12,2,6,45,15,LOW,false,art;creativite;peinture;motricite_fine,HIGH,HIGHLY_RECOMMENDED,https://cst.rnu.tn/fr/contentTopic/listByTheme/status/newer/id/138,verified_venue + synthetic_activity_template
17,Atelier lecture et contes - Planétarium de la Cité des Sciences à Tunis,"Lecture animée, comptines et découverte du livre en petit groupe. Lieu: Planétarium de la Cité des Sciences à Tunis. Contexte: Spectacles et programmation scientifique.",ACTIVITE,Planétarium de la Cité des Sciences à Tunis,tunis,tunis|ariana|la goulette|carthage,PLANETARIUM,INDOOR,ALL,1,12,2,5,75,3,LOW,false,lecture;conte;langage;calme,VERY_HIGH,HIGHLY_RECOMMENDED,https://cst.rnu.tn/fr/contentTopic/listByTheme/status/newer/id/138,verified_venue + synthetic_activity_template
18,Atelier sciences ludiques - Planétarium de la Cité des Sciences à Tunis,Expériences simples et sécurisées adaptées aux enfants. Lieu: Planétarium de la Cité des Sciences à Tunis. Contexte: Spectacles et programmation scientifique.,ATELIER,Planétarium de la Cité des Sciences à Tunis,tunis,tunis|ariana|la goulette|carthage,PLANETARIUM,INDOOR,ALL,1,12,4,6,45,18,LOW,false,science;curiosite;observation;experience,VERY_HIGH,HIGHLY_RECOMMENDED,https://cst.rnu.tn/fr/contentTopic/listByTheme/status/newer/id/138,verified_venue + synthetic_activity_template
19,Visite découverte musée - Planétarium de la Cité des Sciences à Tunis,Parcours très court centré sur l'observation et la curiosité. Lieu: Planétarium de la Cité des Sciences à Tunis. Contexte: Spectacles et programmation scientifique.,SORTIE,Planétarium de la Cité des Sciences à Tunis,tunis,tunis|ariana|la goulette|carthage,PLANETARIUM,INDOOR,ALL,1,12,4,6,45,13,LOW,true,musee;culture;observation;patrimoine,HIGH,HIGHLY_RECOMMENDED,https://cst.rnu.tn/fr/contentTopic/listByTheme/status/newer/id/138,verified_venue + synthetic_activity_template
20,Parcours nature et observation - Planétarium de la Cité des Sciences à Tunis,"Découverte des arbres, des insectes et des saisons dans un espace vert. Lieu: Planétarium de la Cité des Sciences à Tunis. Contexte: Spectacles et programmation scientifique.",SORTIE,Planétarium de la Cité des Sciences à Tunis,tunis,tunis|ariana|la goulette|carthage,PLANETARIUM,INDOOR,PRINTEMPS,3,5,2,6,90,3,LOW,true,nature;plein_air;observation;saisons,VERY_HIGH,HIGHLY_RECOMMENDED,https://cst.rnu.tn/fr/contentTopic/listByTheme/status/newer/id/138,verified_venue + synthetic_activity_template
21,Jeux moteurs en plein air - Planétarium de la Cité des Sciences à Tunis,"Parcours moteur, jeux collectifs et coordination en extérieur. Lieu: Planétarium de la Cité des Sciences à Tunis. Contexte: Spectacles et programmation scientifique.",ACTIVITE,Planétarium de la Cité des Sciences à Tunis,tunis,tunis|ariana|la goulette|carthage,PLANETARIUM,INDOOR,PRINTEMPS,3,5,2,6,45,3,LOW,false,motricite;plein_air;cooperation,HIGH,HIGHLY_RECOMMENDED,https://cst.rnu.tn/fr/contentTopic/listByTheme/status/newer/id/138,verified_venue + synthetic_activity_template
22,Atelier jardinage - Planétarium de la Cité des Sciences à Tunis,"Plantation de graines, arrosage et découverte du vivant. Lieu: Planétarium de la Cité des Sciences à Tunis. Contexte: Spectacles et programmation scientifique.",ATELIER,Planétarium de la Cité des Sciences à Tunis,tunis,tunis|ariana|la goulette|carthage,PLANETARIUM,INDOOR,PRINTEMPS,3,5,2,6,45,8,LOW,false,jardinage;nature;botanique;sensoriel,VERY_HIGH,HIGHLY_RECOMMENDED,https://cst.rnu.tn/fr/contentTopic/listByTheme/status/newer/id/138,verified_venue + synthetic_activity_template
23,Jeux d'eau encadrés - Planétarium de la Cité des Sciences à Tunis,"Jeux sensoriels d'été avec eau, bacs et activités rafraîchissantes. Lieu: Planétarium de la Cité des Sciences à Tunis. Contexte: Spectacles et programmation scientifique.",ACTIVITE,Planétarium de la Cité des Sciences à Tunis,tunis,tunis|ariana|la goulette|carthage,PLANETARIUM,INDOOR,ETE,6,8,2,6,90,11,LOW,false,ete;eau;sensoriel;motricite,HIGH,HIGHLY_RECOMMENDED,https://cst.rnu.tn/fr/contentTopic/listByTheme/status/newer/id/138,verified_venue + synthetic_activity_template
24,Atelier musique et rythme - Planétarium de la Cité des Sciences à Tunis,"Chansons, percussions douces et expression corporelle. Lieu: Planétarium de la Cité des Sciences à Tunis. Contexte: Spectacles et programmation scientifique.",ATELIER,Planétarium de la Cité des Sciences à Tunis,tunis,tunis|ariana|la goulette|carthage,PLANETARIUM,INDOOR,ALL,1,12,2,6,90,13,LOW,false,musique;rythme;expression;groupe,HIGH,HIGHLY_RECOMMENDED,https://cst.rnu.tn/fr/contentTopic/listByTheme/status/newer/id/138,verified_venue + synthetic_activity_template
25,Mini exploration planétarium - Planétarium de la Cité des Sciences à Tunis,Découverte visuelle de l'espace et des étoiles en séance courte. Lieu: Planétarium de la Cité des Sciences à Tunis. Contexte: Spectacles et programmation scientifique.,SORTIE,Planétarium de la Cité des Sciences à Tunis,tunis,tunis|ariana|la goulette|carthage,PLANETARIUM,INDOOR,ALL,1,12,4,6,45,17,LOW,true,astronomie;planetes;science;immersion,VERY_HIGH,HIGHLY_RECOMMENDED,https://cst.rnu.tn/fr/contentTopic/listByTheme/status/newer/id/138,verified_venue + synthetic_activity_template
26,Atelier patrimoine visuel - Planétarium de la Cité des Sciences à Tunis,"Observation de formes, mosaïques et objets anciens avec langage adapté. Lieu: Planétarium de la Cité des Sciences à Tunis. Contexte: Spectacles et programmation scientifique.",ATELIER,Planétarium de la Cité des Sciences à Tunis,tunis,tunis|ariana|la goulette|carthage,PLANETARIUM,INDOOR,ALL,1,12,4,6,45,13,LOW,true,patrimoine;mosaïque;culture;formes,HIGH,HIGHLY_RECOMMENDED,https://cst.rnu.tn/fr/contentTopic/listByTheme/status/newer/id/138,verified_venue + synthetic_activity_template
27,Pique-nique pédagogique - Planétarium de la Cité des Sciences à Tunis,"Temps calme en extérieur avec règles de groupe, repas et jeux libres. Lieu: Planétarium de la Cité des Sciences à Tunis. Contexte: Spectacles et programmation scientifique.",ACTIVITE,Planétarium de la Cité des Sciences à Tunis,tunis,tunis|ariana|la goulette|carthage,PLANETARIUM,INDOOR,PRINTEMPS,3,5,2,6,60,9,LOW,true,pique_nique;autonomie;plein_air;vie_collective,MEDIUM,RECOMMENDED,https://cst.rnu.tn/fr/contentTopic/listByTheme/status/newer/id/138,verified_venue + synthetic_activity_template
28,Atelier collage nature - Planétarium de la Cité des Sciences à Tunis,"Feuilles, fleurs et textures pour créer une œuvre simple. Lieu: Planétarium de la Cité des Sciences à Tunis. Contexte: Spectacles et programmation scientifique.",ATELIER,Planétarium de la Cité des Sciences à Tunis,tunis,tunis|ariana|la goulette|carthage,PLANETARIUM,INDOOR,AUTOMNE,9,11,2,6,90,10,LOW,false,nature;automne;collage;textures,HIGH,HIGHLY_RECOMMENDED,https://cst.rnu.tn/fr/contentTopic/listByTheme/status/newer/id/138,verified_venue + synthetic_activity_template
29,Visite marine sensorielle - Planétarium de la Cité des Sciences à Tunis,Découverte du monde marin avec vocabulaire simple et observation. Lieu: Planétarium de la Cité des Sciences à Tunis. Contexte: Spectacles et programmation scientifique.,SORTIE,Planétarium de la Cité des Sciences à Tunis,tunis,tunis|ariana|la goulette|carthage,PLANETARIUM,INDOOR,ALL,1,12,3,6,90,18,LOW,true,mer;poissons;marine;observation,VERY_HIGH,HIGHLY_RECOMMENDED,https://cst.rnu.tn/fr/contentTopic/listByTheme/status/newer/id/138,verified_venue + synthetic_activity_template
30,Atelier théâtre et marionnettes - Planétarium de la Cité des Sciences à Tunis,"Jeu symbolique, histoires courtes et manipulation de marionnettes. Lieu: Planétarium de la Cité des Sciences à Tunis. Contexte: Spectacles et programmation scientifique.",ATELIER,Planétarium de la Cité des Sciences à Tunis,tunis,tunis|ariana|la goulette|carthage,PLANETARIUM,INDOOR,HIVER,11,2,3,6,90,13,LOW,false,theatre;marionnettes;expression;langage,HIGH,HIGHLY_RECOMMENDED,https://cst.rnu.tn/fr/contentTopic/listByTheme/status/newer/id/138,verified_venue + synthetic_activity_template
31,Atelier peinture créative - Parc du Belvédère,"Expression artistique libre avec peinture, couleurs et collage. Lieu: Parc du Belvédère. Contexte: Parc urbain de Tunis.",ATELIER,Parc du Belvédère,tunis,tunis|ariana|la goulette|carthage,PARK,OUTDOOR,ALL,1,12,2,6,60,9,LOW,false,art;creativite;peinture;motricite_fine,HIGH,HIGHLY_RECOMMENDED,https://commune-tunis.gov.tn/publish/content/article.asp?id=1079,verified_venue + synthetic_activity_template
32,Atelier lecture et contes - Parc du Belvédère,"Lecture animée, comptines et découverte du livre en petit groupe. Lieu: Parc du Belvédère. Contexte: Parc urbain de Tunis.",ACTIVITE,Parc du Belvédère,tunis,tunis|ariana|la goulette|carthage,PARK,OUTDOOR,ALL,1,12,2,5,75,0,LOW,false,lecture;conte;langage;calme,VERY_HIGH,HIGHLY_RECOMMENDED,https://commune-tunis.gov.tn/publish/content/article.asp?id=1079,verified_venue + synthetic_activity_template
33,Atelier sciences ludiques - Parc du Belvédère,Expériences simples et sécurisées adaptées aux enfants. Lieu: Parc du Belvédère. Contexte: Parc urbain de Tunis.,ATELIER,Parc du Belvédère,tunis,tunis|ariana|la goulette|carthage,PARK,OUTDOOR,ALL,1,12,4,6,90,12,LOW,false,science;curiosite;observation;experience,VERY_HIGH,HIGHLY_RECOMMENDED,https://commune-tunis.gov.tn/publish/content/article.asp?id=1079,verified_venue + synthetic_activity_template
34,Visite découverte musée - Parc du Belvédère,Parcours très court centré sur l'observation et la curiosité. Lieu: Parc du Belvédère. Contexte: Parc urbain de Tunis.,SORTIE,Parc du Belvédère,tunis,tunis|ariana|la goulette|carthage,PARK,OUTDOOR,ALL,1,12,4,6,90,7,LOW,true,musee;culture;observation;patrimoine,HIGH,HIGHLY_RECOMMENDED,https://commune-tunis.gov.tn/publish/content/article.asp?id=1079,verified_venue + synthetic_activity_template
35,Parcours nature et observation - Parc du Belvédère,"Découverte des arbres, des insectes et des saisons dans un espace vert. Lieu: Parc du Belvédère. Contexte: Parc urbain de Tunis.",SORTIE,Parc du Belvédère,tunis,tunis|ariana|la goulette|carthage,PARK,OUTDOOR,PRINTEMPS,3,5,2,6,75,0,LOW,true,nature;plein_air;observation;saisons,VERY_HIGH,HIGHLY_RECOMMENDED,https://commune-tunis.gov.tn/publish/content/article.asp?id=1079,verified_venue + synthetic_activity_template
36,Jeux moteurs en plein air - Parc du Belvédère,"Parcours moteur, jeux collectifs et coordination en extérieur. Lieu: Parc du Belvédère. Contexte: Parc urbain de Tunis.",ACTIVITE,Parc du Belvédère,tunis,tunis|ariana|la goulette|carthage,PARK,OUTDOOR,PRINTEMPS,3,5,2,6,60,0,LOW,false,motricite;plein_air;cooperation,HIGH,HIGHLY_RECOMMENDED,https://commune-tunis.gov.tn/publish/content/article.asp?id=1079,verified_venue + synthetic_activity_template
37,Atelier jardinage - Parc du Belvédère,"Plantation de graines, arrosage et découverte du vivant. Lieu: Parc du Belvédère. Contexte: Parc urbain de Tunis.",ATELIER,Parc du Belvédère,tunis,tunis|ariana|la goulette|carthage,PARK,OUTDOOR,PRINTEMPS,3,5,2,6,90,2,LOW,false,jardinage;nature;botanique;sensoriel,VERY_HIGH,HIGHLY_RECOMMENDED,https://commune-tunis.gov.tn/publish/content/article.asp?id=1079,verified_venue + synthetic_activity_template
38,Jeux d'eau encadrés - Parc du Belvédère,"Jeux sensoriels d'été avec eau, bacs et activités rafraîchissantes. Lieu: Parc du Belvédère. Contexte: Parc urbain de Tunis.",ACTIVITE,Parc du Belvédère,tunis,tunis|ariana|la goulette|carthage,PARK,OUTDOOR,ETE,6,8,2,6,90,5,LOW,false,ete;eau;sensoriel;motricite,HIGH,HIGHLY_RECOMMENDED,https://commune-tunis.gov.tn/publish/content/article.asp?id=1079,verified_venue + synthetic_activity_template
39,Atelier musique et rythme - Parc du Belvédère,"Chansons, percussions douces et expression corporelle. Lieu: Parc du Belvédère. Contexte: Parc urbain de Tunis.",ATELIER,Parc du Belvédère,tunis,tunis|ariana|la goulette|carthage,PARK,OUTDOOR,ALL,1,12,2,6,60,7,LOW,false,musique;rythme;expression;groupe,HIGH,HIGHLY_RECOMMENDED,https://commune-tunis.gov.tn/publish/content/article.asp?id=1079,verified_venue + synthetic_activity_template
40,Mini exploration planétarium - Parc du Belvédère,Découverte visuelle de l'espace et des étoiles en séance courte. Lieu: Parc du Belvédère. Contexte: Parc urbain de Tunis.,SORTIE,Parc du Belvédère,tunis,tunis|ariana|la goulette|carthage,PARK,OUTDOOR,ALL,1,12,4,6,45,11,LOW,true,astronomie;planetes;science;immersion,VERY_HIGH,HIGHLY_RECOMMENDED,https://commune-tunis.gov.tn/publish/content/article.asp?id=1079,verified_venue + synthetic_activity_template
41,Atelier patrimoine visuel - Parc du Belvédère,"Observation de formes, mosaïques et objets anciens avec langage adapté. Lieu: Parc du Belvédère. Contexte: Parc urbain de Tunis.",ATELIER,Parc du Belvédère,tunis,tunis|ariana|la goulette|carthage,PARK,OUTDOOR,ALL,1,12,4,6,45,7,LOW,true,patrimoine;mosaïque;culture;formes,HIGH,HIGHLY_RECOMMENDED,https://commune-tunis.gov.tn/publish/content/article.asp?id=1079,verified_venue + synthetic_activity_template
42,Pique-nique pédagogique - Parc du Belvédère,"Temps calme en extérieur avec règles de groupe, repas et jeux libres. Lieu: Parc du Belvédère. Contexte: Parc urbain de Tunis.",ACTIVITE,Parc du Belvédère,tunis,tunis|ariana|la goulette|carthage,PARK,OUTDOOR,PRINTEMPS,3,5,2,6,75,3,LOW,true,pique_nique;autonomie;plein_air;vie_collective,MEDIUM,RECOMMENDED,https://commune-tunis.gov.tn/publish/content/article.asp?id=1079,verified_venue + synthetic_activity_template
43,Atelier collage nature - Parc du Belvédère,"Feuilles, fleurs et textures pour créer une œuvre simple. Lieu: Parc du Belvédère. Contexte: Parc urbain de Tunis.",ATELIER,Parc du Belvédère,tunis,tunis|ariana|la goulette|carthage,PARK,OUTDOOR,AUTOMNE,9,11,2,6,75,4,LOW,false,nature;automne;collage;textures,HIGH,HIGHLY_RECOMMENDED,https://commune-tunis.gov.tn/publish/content/article.asp?id=1079,verified_venue + synthetic_activity_template
44,Visite marine sensorielle - Parc du Belvédère,Découverte du monde marin avec vocabulaire simple et observation. Lieu: Parc du Belvédère. Contexte: Parc urbain de Tunis.,SORTIE,Parc du Belvédère,tunis,tunis|ariana|la goulette|carthage,PARK,OUTDOOR,ALL,1,12,3,6,90,12,LOW,true,mer;poissons;marine;observation,VERY_HIGH,HIGHLY_RECOMMENDED,https://commune-tunis.gov.tn/publish/content/article.asp?id=1079,verified_venue + synthetic_activity_template
45,Atelier théâtre et marionnettes - Parc du Belvédère,"Jeu symbolique, histoires courtes et manipulation de marionnettes. Lieu: Parc du Belvédère. Contexte: Parc urbain de Tunis.",ATELIER,Parc du Belvédère,tunis,tunis|ariana|la goulette|carthage,PARK,OUTDOOR,HIVER,11,2,3,6,60,7,LOW,false,theatre;marionnettes;expression;langage,HIGH,HIGHLY_RECOMMENDED,https://commune-tunis.gov.tn/publish/content/article.asp?id=1079,verified_venue + synthetic_activity_template
46,Atelier peinture créative - Jardin Japonais de Tunis,"Expression artistique libre avec peinture, couleurs et collage. Lieu: Jardin Japonais de Tunis. Contexte: Parcs et jardins municipaux.",ATELIER,Jardin Japonais de Tunis,tunis,tunis|ariana|la goulette|carthage,PARK,OUTDOOR,ALL,1,12,2,6,60,9,LOW,false,art;creativite;peinture;motricite_fine,HIGH,HIGHLY_RECOMMENDED,https://commune-tunis.gov.tn/publish/content/article.asp?id=1079,verified_venue + synthetic_activity_template
47,Atelier lecture et contes - Jardin Japonais de Tunis,"Lecture animée, comptines et découverte du livre en petit groupe. Lieu: Jardin Japonais de Tunis. Contexte: Parcs et jardins municipaux.",ACTIVITE,Jardin Japonais de Tunis,tunis,tunis|ariana|la goulette|carthage,PARK,OUTDOOR,ALL,1,12,2,5,75,0,LOW,false,lecture;conte;langage;calme,VERY_HIGH,HIGHLY_RECOMMENDED,https://commune-tunis.gov.tn/publish/content/article.asp?id=1079,verified_venue + synthetic_activity_template
48,Atelier sciences ludiques - Jardin Japonais de Tunis,Expériences simples et sécurisées adaptées aux enfants. Lieu: Jardin Japonais de Tunis. Contexte: Parcs et jardins municipaux.,ATELIER,Jardin Japonais de Tunis,tunis,tunis|ariana|la goulette|carthage,PARK,OUTDOOR,ALL,1,12,4,6,75,12,LOW,false,science;curiosite;observation;experience,VERY_HIGH,HIGHLY_RECOMMENDED,https://commune-tunis.gov.tn/publish/content/article.asp?id=1079,verified_venue + synthetic_activity_template
49,Visite découverte musée - Jardin Japonais de Tunis,Parcours très court centré sur l'observation et la curiosité. Lieu: Jardin Japonais de Tunis. Contexte: Parcs et jardins municipaux.,SORTIE,Jardin Japonais de Tunis,tunis,tunis|ariana|la goulette|carthage,PARK,OUTDOOR,ALL,1,12,4,6,45,7,LOW,true,musee;culture;observation;patrimoine,HIGH,HIGHLY_RECOMMENDED,https://commune-tunis.gov.tn/publish/content/article.asp?id=1079,verified_venue + synthetic_activity_template
50,Parcours nature et observation - Jardin Japonais de Tunis,"Découverte des arbres, des insectes et des saisons dans un espace vert. Lieu: Jardin Japonais de Tunis. Contexte: Parcs et jardins municipaux.",SORTIE,Jardin Japonais de Tunis,tunis,tunis|ariana|la goulette|carthage,PARK,OUTDOOR,PRINTEMPS,3,5,2,6,45,0,LOW,true,nature;plein_air;observation;saisons,VERY_HIGH,HIGHLY_RECOMMENDED,https://commune-tunis.gov.tn/publish/content/article.asp?id=1079,verified_venue + synthetic_activity_template
51,Jeux moteurs en plein air - Jardin Japonais de Tunis,"Parcours moteur, jeux collectifs et coordination en extérieur. Lieu: Jardin Japonais de Tunis. Contexte: Parcs et jardins municipaux.",ACTIVITE,Jardin Japonais de Tunis,tunis,tunis|ariana|la goulette|carthage,PARK,OUTDOOR,PRINTEMPS,3,5,2,6,60,0,LOW,false,motricite;plein_air;cooperation,HIGH,HIGHLY_RECOMMENDED,https://commune-tunis.gov.tn/publish/content/article.asp?id=1079,verified_venue + synthetic_activity_template
52,Atelier jardinage - Jardin Japonais de Tunis,"Plantation de graines, arrosage et découverte du vivant. Lieu: Jardin Japonais de Tunis. Contexte: Parcs et jardins municipaux.",ATELIER,Jardin Japonais de Tunis,tunis,tunis|ariana|la goulette|carthage,PARK,OUTDOOR,PRINTEMPS,3,5,2,6,60,2,LOW,false,jardinage;nature;botanique;sensoriel,VERY_HIGH,HIGHLY_RECOMMENDED,https://commune-tunis.gov.tn/publish/content/article.asp?id=1079,verified_venue + synthetic_activity_template
53,Jeux d'eau encadrés - Jardin Japonais de Tunis,"Jeux sensoriels d'été avec eau, bacs et activités rafraîchissantes. Lieu: Jardin Japonais de Tunis. Contexte: Parcs et jardins municipaux.",ACTIVITE,Jardin Japonais de Tunis,tunis,tunis|ariana|la goulette|carthage,PARK,OUTDOOR,ETE,6,8,2,6,45,5,LOW,false,ete;eau;sensoriel;motricite,HIGH,HIGHLY_RECOMMENDED,https://commune-tunis.gov.tn/publish/content/article.asp?id=1079,verified_venue + synthetic_activity_template
54,Atelier musique et rythme - Jardin Japonais de Tunis,"Chansons, percussions douces et expression corporelle. Lieu: Jardin Japonais de Tunis. Contexte: Parcs et jardins municipaux.",ATELIER,Jardin Japonais de Tunis,tunis,tunis|ariana|la goulette|carthage,PARK,OUTDOOR,ALL,1,12,2,6,75,7,LOW,false,musique;rythme;expression;groupe,HIGH,HIGHLY_RECOMMENDED,https://commune-tunis.gov.tn/publish/content/article.asp?id=1079,verified_venue + synthetic_activity_template
55,Mini exploration planétarium - Jardin Japonais de Tunis,Découverte visuelle de l'espace et des étoiles en séance courte. Lieu: Jardin Japonais de Tunis. Contexte: Parcs et jardins municipaux.,SORTIE,Jardin Japonais de Tunis,tunis,tunis|ariana|la goulette|carthage,PARK,OUTDOOR,ALL,1,12,4,6,60,11,LOW,true,astronomie;planetes;science;immersion,VERY_HIGH,HIGHLY_RECOMMENDED,https://commune-tunis.gov.tn/publish/content/article.asp?id=1079,verified_venue + synthetic_activity_template
56,Atelier patrimoine visuel - Jardin Japonais de Tunis,"Observation de formes, mosaïques et objets anciens avec langage adapté. Lieu: Jardin Japonais de Tunis. Contexte: Parcs et jardins municipaux.",ATELIER,Jardin Japonais de Tunis,tunis,tunis|ariana|la goulette|carthage,PARK,OUTDOOR,ALL,1,12,4,6,75,7,LOW,true,patrimoine;mosaïque;culture;formes,HIGH,HIGHLY_RECOMMENDED,https://commune-tunis.gov.tn/publish/content/article.asp?id=1079,verified_venue + synthetic_activity_template
57,Pique-nique pédagogique - Jardin Japonais de Tunis,"Temps calme en extérieur avec règles de groupe, repas et jeux libres. Lieu: Jardin Japonais de Tunis. Contexte: Parcs et jardins municipaux.",ACTIVITE,Jardin Japonais de Tunis,tunis,tunis|ariana|la goulette|carthage,PARK,OUTDOOR,PRINTEMPS,3,5,2,6,45,3,LOW,true,pique_nique;autonomie;plein_air;vie_collective,MEDIUM,RECOMMENDED,https://commune-tunis.gov.tn/publish/content/article.asp?id=1079,verified_venue + synthetic_activity_template
58,Atelier collage nature - Jardin Japonais de Tunis,"Feuilles, fleurs et textures pour créer une œuvre simple. Lieu: Jardin Japonais de Tunis. Contexte: Parcs et jardins municipaux.",ATELIER,Jardin Japonais de Tunis,tunis,tunis|ariana|la goulette|carthage,PARK,OUTDOOR,AUTOMNE,9,11,2,6,45,4,LOW,false,nature;automne;collage;textures,HIGH,HIGHLY_RECOMMENDED,https://commune-tunis.gov.tn/publish/content/article.asp?id=1079,verified_venue + synthetic_activity_template
59,Visite marine sensorielle - Jardin Japonais de Tunis,Découverte du monde marin avec vocabulaire simple et observation. Lieu: Jardin Japonais de Tunis. Contexte: Parcs et jardins municipaux.,SORTIE,Jardin Japonais de Tunis,tunis,tunis|ariana|la goulette|carthage,PARK,OUTDOOR,ALL,1,12,3,6,90,12,LOW,true,mer;poissons;marine;observation,VERY_HIGH,HIGHLY_RECOMMENDED,https://commune-tunis.gov.tn/publish/content/article.asp?id=1079,verified_venue + synthetic_activity_template
60,Atelier théâtre et marionnettes - Jardin Japonais de Tunis,"Jeu symbolique, histoires courtes et manipulation de marionnettes. Lieu: Jardin Japonais de Tunis. Contexte: Parcs et jardins municipaux.",ATELIER,Jardin Japonais de Tunis,tunis,tunis|ariana|la goulette|carthage,PARK,OUTDOOR,HIVER,11,2,3,6,75,7,LOW,false,theatre;marionnettes;expression;langage,HIGH,HIGHLY_RECOMMENDED,https://commune-tunis.gov.tn/publish/content/article.asp?id=1079,verified_venue + synthetic_activity_template
61,Atelier peinture créative - Musée national du Bardo,"Expression artistique libre avec peinture, couleurs et collage. Lieu: Musée national du Bardo. Contexte: Musée ouvert au public depuis septembre 2023.",ATELIER,Musée national du Bardo,tunis,tunis|ariana|la goulette|carthage,MUSEUM,INDOOR,ALL,1,12,2,6,75,14,LOW,false,art;creativite;peinture;motricite_fine,HIGH,HIGHLY_RECOMMENDED,https://www.culture.gov.tn/?p=154782,verified_venue + synthetic_activity_template
62,Atelier lecture et contes - Musée national du Bardo,"Lecture animée, comptines et découverte du livre en petit groupe. Lieu: Musée national du Bardo. Contexte: Musée ouvert au public depuis septembre 2023.",ACTIVITE,Musée national du Bardo,tunis,tunis|ariana|la goulette|carthage,MUSEUM,INDOOR,ALL,1,12,2,5,90,2,LOW,false,lecture;conte;langage;calme,VERY_HIGH,HIGHLY_RECOMMENDED,https://www.culture.gov.tn/?p=154782,verified_venue + synthetic_activity_template
63,Atelier sciences ludiques - Musée national du Bardo,Expériences simples et sécurisées adaptées aux enfants. Lieu: Musée national du Bardo. Contexte: Musée ouvert au public depuis septembre 2023.,ATELIER,Musée national du Bardo,tunis,tunis|ariana|la goulette|carthage,MUSEUM,INDOOR,ALL,1,12,4,6,75,17,LOW,false,science;curiosite;observation;experience,VERY_HIGH,HIGHLY_RECOMMENDED,https://www.culture.gov.tn/?p=154782,verified_venue + synthetic_activity_template
64,Visite découverte musée - Musée national du Bardo,Parcours très court centré sur l'observation et la curiosité. Lieu: Musée national du Bardo. Contexte: Musée ouvert au public depuis septembre 2023.,SORTIE,Musée national du Bardo,tunis,tunis|ariana|la goulette|carthage,MUSEUM,INDOOR,ALL,1,12,4,6,90,12,LOW,true,musee;culture;observation;patrimoine,HIGH,HIGHLY_RECOMMENDED,https://www.culture.gov.tn/?p=154782,verified_venue + synthetic_activity_template
65,Parcours nature et observation - Musée national du Bardo,"Découverte des arbres, des insectes et des saisons dans un espace vert. Lieu: Musée national du Bardo. Contexte: Musée ouvert au public depuis septembre 2023.",SORTIE,Musée national du Bardo,tunis,tunis|ariana|la goulette|carthage,MUSEUM,INDOOR,PRINTEMPS,3,5,2,6,60,2,LOW,true,nature;plein_air;observation;saisons,VERY_HIGH,HIGHLY_RECOMMENDED,https://www.culture.gov.tn/?p=154782,verified_venue + synthetic_activity_template
66,Jeux moteurs en plein air - Musée national du Bardo,"Parcours moteur, jeux collectifs et coordination en extérieur. Lieu: Musée national du Bardo. Contexte: Musée ouvert au public depuis septembre 2023.",ACTIVITE,Musée national du Bardo,tunis,tunis|ariana|la goulette|carthage,MUSEUM,INDOOR,PRINTEMPS,3,5,2,6,90,2,LOW,false,motricite;plein_air;cooperation,HIGH,HIGHLY_RECOMMENDED,https://www.culture.gov.tn/?p=154782,verified_venue + synthetic_activity_template
67,Atelier jardinage - Musée national du Bardo,"Plantation de graines, arrosage et découverte du vivant. Lieu: Musée national du Bardo. Contexte: Musée ouvert au public depuis septembre 2023.",ATELIER,Musée national du Bardo,tunis,tunis|ariana|la goulette|carthage,MUSEUM,INDOOR,PRINTEMPS,3,5,2,6,45,7,LOW,false,jardinage;nature;botanique;sensoriel,VERY_HIGH,HIGHLY_RECOMMENDED,https://www.culture.gov.tn/?p=154782,verified_venue + synthetic_activity_template
68,Jeux d'eau encadrés - Musée national du Bardo,"Jeux sensoriels d'été avec eau, bacs et activités rafraîchissantes. Lieu: Musée national du Bardo. Contexte: Musée ouvert au public depuis septembre 2023.",ACTIVITE,Musée national du Bardo,tunis,tunis|ariana|la goulette|carthage,MUSEUM,INDOOR,ETE,6,8,2,6,60,10,LOW,false,ete;eau;sensoriel;motricite,HIGH,HIGHLY_RECOMMENDED,https://www.culture.gov.tn/?p=154782,verified_venue + synthetic_activity_template
69,Atelier musique et rythme - Musée national du Bardo,"Chansons, percussions douces et expression corporelle. Lieu: Musée national du Bardo. Contexte: Musée ouvert au public depuis septembre 2023.",ATELIER,Musée national du Bardo,tunis,tunis|ariana|la goulette|carthage,MUSEUM,INDOOR,ALL,1,12,2,6,60,12,LOW,false,musique;rythme;expression;groupe,HIGH,HIGHLY_RECOMMENDED,https://www.culture.gov.tn/?p=154782,verified_venue + synthetic_activity_template
70,Mini exploration planétarium - Musée national du Bardo,Découverte visuelle de l'espace et des étoiles en séance courte. Lieu: Musée national du Bardo. Contexte: Musée ouvert au public depuis septembre 2023.,SORTIE,Musée national du Bardo,tunis,tunis|ariana|la goulette|carthage,MUSEUM,INDOOR,ALL,1,12,4,6,75,16,LOW,true,astronomie;planetes;science;immersion,VERY_HIGH,HIGHLY_RECOMMENDED,https://www.culture.gov.tn/?p=154782,verified_venue + synthetic_activity_template
71,Atelier patrimoine visuel - Musée national du Bardo,"Observation de formes, mosaïques et objets anciens avec langage adapté. Lieu: Musée national du Bardo. Contexte: Musée ouvert au public depuis septembre 2023.",ATELIER,Musée national du Bardo,tunis,tunis|ariana|la goulette|carthage,MUSEUM,INDOOR,ALL,1,12,4,6,75,12,LOW,true,patrimoine;mosaïque;culture;formes,HIGH,HIGHLY_RECOMMENDED,https://www.culture.gov.tn/?p=154782,verified_venue + synthetic_activity_template
72,Pique-nique pédagogique - Musée national du Bardo,"Temps calme en extérieur avec règles de groupe, repas et jeux libres. Lieu: Musée national du Bardo. Contexte: Musée ouvert au public depuis septembre 2023.",ACTIVITE,Musée national du Bardo,tunis,tunis|ariana|la goulette|carthage,MUSEUM,INDOOR,PRINTEMPS,3,5,2,6,45,8,LOW,true,pique_nique;autonomie;plein_air;vie_collective,MEDIUM,RECOMMENDED,https://www.culture.gov.tn/?p=154782,verified_venue + synthetic_activity_template
73,Atelier collage nature - Musée national du Bardo,"Feuilles, fleurs et textures pour créer une œuvre simple. Lieu: Musée national du Bardo. Contexte: Musée ouvert au public depuis septembre 2023.",ATELIER,Musée national du Bardo,tunis,tunis|ariana|la goulette|carthage,MUSEUM,INDOOR,AUTOMNE,9,11,2,6,90,9,LOW,false,nature;automne;collage;textures,HIGH,HIGHLY_RECOMMENDED,https://www.culture.gov.tn/?p=154782,verified_venue + synthetic_activity_template
74,Visite marine sensorielle - Musée national du Bardo,Découverte du monde marin avec vocabulaire simple et observation. Lieu: Musée national du Bardo. Contexte: Musée ouvert au public depuis septembre 2023.,SORTIE,Musée national du Bardo,tunis,tunis|ariana|la goulette|carthage,MUSEUM,INDOOR,ALL,1,12,3,6,45,17,LOW,true,mer;poissons;marine;observation,VERY_HIGH,HIGHLY_RECOMMENDED,https://www.culture.gov.tn/?p=154782,verified_venue + synthetic_activity_template
75,Atelier théâtre et marionnettes - Musée national du Bardo,"Jeu symbolique, histoires courtes et manipulation de marionnettes. Lieu: Musée national du Bardo. Contexte: Musée ouvert au public depuis septembre 2023.",ATELIER,Musée national du Bardo,tunis,tunis|ariana|la goulette|carthage,MUSEUM,INDOOR,HIVER,11,2,3,6,45,12,LOW,false,theatre;marionnettes;expression;langage,HIGH,HIGHLY_RECOMMENDED,https://www.culture.gov.tn/?p=154782,verified_venue + synthetic_activity_template
76,Atelier peinture créative - Musée océanographique de Salammbô,"Expression artistique libre avec peinture, couleurs et collage. Lieu: Musée océanographique de Salammbô. Contexte: Référence muséale et culturelle à Salammbô.",ATELIER,Musée océanographique de Salammbô,tunis,tunis|ariana|la goulette|carthage,MUSEUM,INDOOR,ALL,1,12,2,6,90,14,LOW,false,art;creativite;peinture;motricite_fine,HIGH,HIGHLY_RECOMMENDED,https://www.inp2020.tn/2024/09/25/_expo_salammbo/,verified_venue + synthetic_activity_template
77,Atelier lecture et contes - Musée océanographique de Salammbô,"Lecture animée, comptines et découverte du livre en petit groupe. Lieu: Musée océanographique de Salammbô. Contexte: Référence muséale et culturelle à Salammbô.",ACTIVITE,Musée océanographique de Salammbô,tunis,tunis|ariana|la goulette|carthage,MUSEUM,INDOOR,ALL,1,12,2,5,75,2,LOW,false,lecture;conte;langage;calme,VERY_HIGH,HIGHLY_RECOMMENDED,https://www.inp2020.tn/2024/09/25/_expo_salammbo/,verified_venue + synthetic_activity_template
78,Atelier sciences ludiques - Musée océanographique de Salammbô,Expériences simples et sécurisées adaptées aux enfants. Lieu: Musée océanographique de Salammbô. Contexte: Référence muséale et culturelle à Salammbô.,ATELIER,Musée océanographique de Salammbô,tunis,tunis|ariana|la goulette|carthage,MUSEUM,INDOOR,ALL,1,12,4,6,45,17,LOW,false,science;curiosite;observation;experience,VERY_HIGH,HIGHLY_RECOMMENDED,https://www.inp2020.tn/2024/09/25/_expo_salammbo/,verified_venue + synthetic_activity_template
79,Visite découverte musée - Musée océanographique de Salammbô,Parcours très court centré sur l'observation et la curiosité. Lieu: Musée océanographique de Salammbô. Contexte: Référence muséale et culturelle à Salammbô.,SORTIE,Musée océanographique de Salammbô,tunis,tunis|ariana|la goulette|carthage,MUSEUM,INDOOR,ALL,1,12,4,6,60,12,LOW,true,musee;culture;observation;patrimoine,HIGH,HIGHLY_RECOMMENDED,https://www.inp2020.tn/2024/09/25/_expo_salammbo/,verified_venue + synthetic_activity_template
80,Parcours nature et observation - Musée océanographique de Salammbô,"Découverte des arbres, des insectes et des saisons dans un espace vert. Lieu: Musée océanographique de Salammbô. Contexte: Référence muséale et culturelle à Salammbô.",SORTIE,Musée océanographique de Salammbô,tunis,tunis|ariana|la goulette|carthage,MUSEUM,INDOOR,PRINTEMPS,3,5,2,6,75,2,LOW,true,nature;plein_air;observation;saisons,VERY_HIGH,HIGHLY_RECOMMENDED,https://www.inp2020.tn/2024/09/25/_expo_salammbo/,verified_venue + synthetic_activity_template
81,Jeux moteurs en plein air - Musée océanographique de Salammbô,"Parcours moteur, jeux collectifs et coordination en extérieur. Lieu: Musée océanographique de Salammbô. Contexte: Référence muséale et culturelle à Salammbô.",ACTIVITE,Musée océanographique de Salammbô,tunis,tunis|ariana|la goulette|carthage,MUSEUM,INDOOR,PRINTEMPS,3,5,2,6,60,2,LOW,false,motricite;plein_air;cooperation,HIGH,HIGHLY_RECOMMENDED,https://www.inp2020.tn/2024/09/25/_expo_salammbo/,verified_venue + synthetic_activity_template
82,Atelier jardinage - Musée océanographique de Salammbô,"Plantation de graines, arrosage et découverte du vivant. Lieu: Musée océanographique de Salammbô. Contexte: Référence muséale et culturelle à Salammbô.",ATELIER,Musée océanographique de Salammbô,tunis,tunis|ariana|la goulette|carthage,MUSEUM,INDOOR,PRINTEMPS,3,5,2,6,75,7,LOW,false,jardinage;nature;botanique;sensoriel,VERY_HIGH,HIGHLY_RECOMMENDED,https://www.inp2020.tn/2024/09/25/_expo_salammbo/,verified_venue + synthetic_activity_template
83,Jeux d'eau encadrés - Musée océanographique de Salammbô,"Jeux sensoriels d'été avec eau, bacs et activités rafraîchissantes. Lieu: Musée océanographique de Salammbô. Contexte: Référence muséale et culturelle à Salammbô.",ACTIVITE,Musée océanographique de Salammbô,tunis,tunis|ariana|la goulette|carthage,MUSEUM,INDOOR,ETE,6,8,2,6,75,10,LOW,false,ete;eau;sensoriel;motricite,HIGH,HIGHLY_RECOMMENDED,https://www.inp2020.tn/2024/09/25/_expo_salammbo/,verified_venue + synthetic_activity_template
84,Atelier musique et rythme - Musée océanographique de Salammbô,"Chansons, percussions douces et expression corporelle. Lieu: Musée océanographique de Salammbô. Contexte: Référence muséale et culturelle à Salammbô.",ATELIER,Musée océanographique de Salammbô,tunis,tunis|ariana|la goulette|carthage,MUSEUM,INDOOR,ALL,1,12,2,6,45,12,LOW,false,musique;rythme;expression;groupe,HIGH,HIGHLY_RECOMMENDED,https://www.inp2020.tn/2024/09/25/_expo_salammbo/,verified_venue + synthetic_activity_template
85,Mini exploration planétarium - Musée océanographique de Salammbô,Découverte visuelle de l'espace et des étoiles en séance courte. Lieu: Musée océanographique de Salammbô. Contexte: Référence muséale et culturelle à Salammbô.,SORTIE,Musée océanographique de Salammbô,tunis,tunis|ariana|la goulette|carthage,MUSEUM,INDOOR,ALL,1,12,4,6,75,16,LOW,true,astronomie;planetes;science;immersion,VERY_HIGH,HIGHLY_RECOMMENDED,https://www.inp2020.tn/2024/09/25/_expo_salammbo/,verified_venue + synthetic_activity_template
86,Atelier patrimoine visuel - Musée océanographique de Salammbô,"Observation de formes, mosaïques et objets anciens avec langage adapté. Lieu: Musée océanographique de Salammbô. Contexte: Référence muséale et culturelle à Salammbô.",ATELIER,Musée océanographique de Salammbô,tunis,tunis|ariana|la goulette|carthage,MUSEUM,INDOOR,ALL,1,12,4,6,90,12,LOW,true,patrimoine;mosaïque;culture;formes,HIGH,HIGHLY_RECOMMENDED,https://www.inp2020.tn/2024/09/25/_expo_salammbo/,verified_venue + synthetic_activity_template
87,Pique-nique pédagogique - Musée océanographique de Salammbô,"Temps calme en extérieur avec règles de groupe, repas et jeux libres. Lieu: Musée océanographique de Salammbô. Contexte: Référence muséale et culturelle à Salammbô.",ACTIVITE,Musée océanographique de Salammbô,tunis,tunis|ariana|la goulette|carthage,MUSEUM,INDOOR,PRINTEMPS,3,5,2,6,90,8,LOW,true,pique_nique;autonomie;plein_air;vie_collective,MEDIUM,RECOMMENDED,https://www.inp2020.tn/2024/09/25/_expo_salammbo/,verified_venue + synthetic_activity_template
88,Atelier collage nature - Musée océanographique de Salammbô,"Feuilles, fleurs et textures pour créer une œuvre simple. Lieu: Musée océanographique de Salammbô. Contexte: Référence muséale et culturelle à Salammbô.",ATELIER,Musée océanographique de Salammbô,tunis,tunis|ariana|la goulette|carthage,MUSEUM,INDOOR,AUTOMNE,9,11,2,6,60,9,LOW,false,nature;automne;collage;textures,HIGH,HIGHLY_RECOMMENDED,https://www.inp2020.tn/2024/09/25/_expo_salammbo/,verified_venue + synthetic_activity_template
89,Visite marine sensorielle - Musée océanographique de Salammbô,Découverte du monde marin avec vocabulaire simple et observation. Lieu: Musée océanographique de Salammbô. Contexte: Référence muséale et culturelle à Salammbô.,SORTIE,Musée océanographique de Salammbô,tunis,tunis|ariana|la goulette|carthage,MUSEUM,INDOOR,ALL,1,12,3,6,75,17,LOW,true,mer;poissons;marine;observation,VERY_HIGH,HIGHLY_RECOMMENDED,https://www.inp2020.tn/2024/09/25/_expo_salammbo/,verified_venue + synthetic_activity_template
90,Atelier théâtre et marionnettes - Musée océanographique de Salammbô,"Jeu symbolique, histoires courtes et manipulation de marionnettes. Lieu: Musée océanographique de Salammbô. Contexte: Référence muséale et culturelle à Salammbô.",ATELIER,Musée océanographique de Salammbô,tunis,tunis|ariana|la goulette|carthage,MUSEUM,INDOOR,HIVER,11,2,3,6,90,12,LOW,false,theatre;marionnettes;expression;langage,HIGH,HIGHLY_RECOMMENDED,https://www.inp2020.tn/2024/09/25/_expo_salammbo/,verified_venue + synthetic_activity_template
91,Atelier peinture créative - Centre culturel international de Hammamet,"Expression artistique libre avec peinture, couleurs et collage. Lieu: Centre culturel international de Hammamet. Contexte: Maison, théâtre et parc.",ATELIER,Centre culturel international de Hammamet,hammamet,hammamet|nabeul|cap bon,CULTURAL_CENTER,INDOOR,ALL,1,12,2,6,45,12,LOW,false,art;creativite;peinture;motricite_fine,HIGH,HIGHLY_RECOMMENDED,https://www.nabeul.gov.tn/fr/centre-culturel-international-de-hammamet/,verified_venue + synthetic_activity_template
92,Atelier lecture et contes - Centre culturel international de Hammamet,"Lecture animée, comptines et découverte du livre en petit groupe. Lieu: Centre culturel international de Hammamet. Contexte: Maison, théâtre et parc.",ACTIVITE,Centre culturel international de Hammamet,hammamet,hammamet|nabeul|cap bon,CULTURAL_CENTER,INDOOR,ALL,1,12,2,5,45,0,LOW,false,lecture;conte;langage;calme,VERY_HIGH,HIGHLY_RECOMMENDED,https://www.nabeul.gov.tn/fr/centre-culturel-international-de-hammamet/,verified_venue + synthetic_activity_template
93,Atelier sciences ludiques - Centre culturel international de Hammamet,"Expériences simples et sécurisées adaptées aux enfants. Lieu: Centre culturel international de Hammamet. Contexte: Maison, théâtre et parc.",ATELIER,Centre culturel international de Hammamet,hammamet,hammamet|nabeul|cap bon,CULTURAL_CENTER,INDOOR,ALL,1,12,4,6,75,15,LOW,false,science;curiosite;observation;experience,VERY_HIGH,HIGHLY_RECOMMENDED,https://www.nabeul.gov.tn/fr/centre-culturel-international-de-hammamet/,verified_venue + synthetic_activity_template
94,Visite découverte musée - Centre culturel international de Hammamet,"Parcours très court centré sur l'observation et la curiosité. Lieu: Centre culturel international de Hammamet. Contexte: Maison, théâtre et parc.",SORTIE,Centre culturel international de Hammamet,hammamet,hammamet|nabeul|cap bon,CULTURAL_CENTER,INDOOR,ALL,1,12,4,6,75,10,LOW,true,musee;culture;observation;patrimoine,HIGH,HIGHLY_RECOMMENDED,https://www.nabeul.gov.tn/fr/centre-culturel-international-de-hammamet/,verified_venue + synthetic_activity_template
95,Parcours nature et observation - Centre culturel international de Hammamet,"Découverte des arbres, des insectes et des saisons dans un espace vert. Lieu: Centre culturel international de Hammamet. Contexte: Maison, théâtre et parc.",SORTIE,Centre culturel international de Hammamet,hammamet,hammamet|nabeul|cap bon,CULTURAL_CENTER,INDOOR,PRINTEMPS,3,5,2,6,75,0,LOW,true,nature;plein_air;observation;saisons,VERY_HIGH,HIGHLY_RECOMMENDED,https://www.nabeul.gov.tn/fr/centre-culturel-international-de-hammamet/,verified_venue + synthetic_activity_template
96,Jeux moteurs en plein air - Centre culturel international de Hammamet,"Parcours moteur, jeux collectifs et coordination en extérieur. Lieu: Centre culturel international de Hammamet. Contexte: Maison, théâtre et parc.",ACTIVITE,Centre culturel international de Hammamet,hammamet,hammamet|nabeul|cap bon,CULTURAL_CENTER,INDOOR,PRINTEMPS,3,5,2,6,45,0,LOW,false,motricite;plein_air;cooperation,HIGH,HIGHLY_RECOMMENDED,https://www.nabeul.gov.tn/fr/centre-culturel-international-de-hammamet/,verified_venue + synthetic_activity_template
97,Atelier jardinage - Centre culturel international de Hammamet,"Plantation de graines, arrosage et découverte du vivant. Lieu: Centre culturel international de Hammamet. Contexte: Maison, théâtre et parc.",ATELIER,Centre culturel international de Hammamet,hammamet,hammamet|nabeul|cap bon,CULTURAL_CENTER,INDOOR,PRINTEMPS,3,5,2,6,45,5,LOW,false,jardinage;nature;botanique;sensoriel,VERY_HIGH,HIGHLY_RECOMMENDED,https://www.nabeul.gov.tn/fr/centre-culturel-international-de-hammamet/,verified_venue + synthetic_activity_template
98,Jeux d'eau encadrés - Centre culturel international de Hammamet,"Jeux sensoriels d'été avec eau, bacs et activités rafraîchissantes. Lieu: Centre culturel international de Hammamet. Contexte: Maison, théâtre et parc.",ACTIVITE,Centre culturel international de Hammamet,hammamet,hammamet|nabeul|cap bon,CULTURAL_CENTER,INDOOR,ETE,6,8,2,6,90,8,LOW,false,ete;eau;sensoriel;motricite,HIGH,HIGHLY_RECOMMENDED,https://www.nabeul.gov.tn/fr/centre-culturel-international-de-hammamet/,verified_venue + synthetic_activity_template
99,Atelier musique et rythme - Centre culturel international de Hammamet,"Chansons, percussions douces et expression corporelle. Lieu: Centre culturel international de Hammamet. Contexte: Maison, théâtre et parc.",ATELIER,Centre culturel international de Hammamet,hammamet,hammamet|nabeul|cap bon,CULTURAL_CENTER,INDOOR,ALL,1,12,2,6,90,10,LOW,false,musique;rythme;expression;groupe,HIGH,HIGHLY_RECOMMENDED,https://www.nabeul.gov.tn/fr/centre-culturel-international-de-hammamet/,verified_venue + synthetic_activity_template
100,Mini exploration planétarium - Centre culturel international de Hammamet,"Découverte visuelle de l'espace et des étoiles en séance courte. Lieu: Centre culturel international de Hammamet. Contexte: Maison, théâtre et parc.",SORTIE,Centre culturel international de Hammamet,hammamet,hammamet|nabeul|cap bon,CULTURAL_CENTER,INDOOR,ALL,1,12,4,6,60,14,LOW,true,astronomie;planetes;science;immersion,VERY_HIGH,HIGHLY_RECOMMENDED,https://www.nabeul.gov.tn/fr/centre-culturel-international-de-hammamet/,verified_venue + synthetic_activity_template
101,Atelier patrimoine visuel - Centre culturel international de Hammamet,"Observation de formes, mosaïques et objets anciens avec langage adapté. Lieu: Centre culturel international de Hammamet. Contexte: Maison, théâtre et parc.",ATELIER,Centre culturel international de Hammamet,hammamet,hammamet|nabeul|cap bon,CULTURAL_CENTER,INDOOR,ALL,1,12,4,6,60,10,LOW,true,patrimoine;mosaïque;culture;formes,HIGH,HIGHLY_RECOMMENDED,https://www.nabeul.gov.tn/fr/centre-culturel-international-de-hammamet/,verified_venue + synthetic_activity_template
102,Pique-nique pédagogique - Centre culturel international de Hammamet,"Temps calme en extérieur avec règles de groupe, repas et jeux libres. Lieu: Centre culturel international de Hammamet. Contexte: Maison, théâtre et parc.",ACTIVITE,Centre culturel international de Hammamet,hammamet,hammamet|nabeul|cap bon,CULTURAL_CENTER,INDOOR,PRINTEMPS,3,5,2,6,60,6,LOW,true,pique_nique;autonomie;plein_air;vie_collective,MEDIUM,RECOMMENDED,https://www.nabeul.gov.tn/fr/centre-culturel-international-de-hammamet/,verified_venue + synthetic_activity_template
103,Atelier collage nature - Centre culturel international de Hammamet,"Feuilles, fleurs et textures pour créer une œuvre simple. Lieu: Centre culturel international de Hammamet. Contexte: Maison, théâtre et parc.",ATELIER,Centre culturel international de Hammamet,hammamet,hammamet|nabeul|cap bon,CULTURAL_CENTER,INDOOR,AUTOMNE,9,11,2,6,60,7,LOW,false,nature;automne;collage;textures,HIGH,HIGHLY_RECOMMENDED,https://www.nabeul.gov.tn/fr/centre-culturel-international-de-hammamet/,verified_venue + synthetic_activity_template
104,Visite marine sensorielle - Centre culturel international de Hammamet,"Découverte du monde marin avec vocabulaire simple et observation. Lieu: Centre culturel international de Hammamet. Contexte: Maison, théâtre et parc.",SORTIE,Centre culturel international de Hammamet,hammamet,hammamet|nabeul|cap bon,CULTURAL_CENTER,INDOOR,ALL,1,12,3,6,45,15,LOW,true,mer;poissons;marine;observation,VERY_HIGH,HIGHLY_RECOMMENDED,https://www.nabeul.gov.tn/fr/centre-culturel-international-de-hammamet/,verified_venue + synthetic_activity_template
105,Atelier théâtre et marionnettes - Centre culturel international de Hammamet,"Jeu symbolique, histoires courtes et manipulation de marionnettes. Lieu: Centre culturel international de Hammamet. Contexte: Maison, théâtre et parc.",ATELIER,Centre culturel international de Hammamet,hammamet,hammamet|nabeul|cap bon,CULTURAL_CENTER,INDOOR,HIVER,11,2,3,6,75,10,LOW,false,theatre;marionnettes;expression;langage,HIGH,HIGHLY_RECOMMENDED,https://www.nabeul.gov.tn/fr/centre-culturel-international-de-hammamet/,verified_venue + synthetic_activity_template
106,Atelier peinture créative - Musée archéologique de Nabeul,"Expression artistique libre avec peinture, couleurs et collage. Lieu: Musée archéologique de Nabeul. Contexte: Musée archéologique du Cap Bon.",ATELIER,Musée archéologique de Nabeul,nabeul,nabeul|hammamet|cap bon,MUSEUM,INDOOR,ALL,1,12,2,6,60,14,LOW,false,art;creativite;peinture;motricite_fine,HIGH,HIGHLY_RECOMMENDED,https://www.patrimoinedetunisie.com.tn/musees/le-musee-de-nabeul/apercu/,verified_venue + synthetic_activity_template
107,Atelier lecture et contes - Musée archéologique de Nabeul,"Lecture animée, comptines et découverte du livre en petit groupe. Lieu: Musée archéologique de Nabeul. Contexte: Musée archéologique du Cap Bon.",ACTIVITE,Musée archéologique de Nabeul,nabeul,nabeul|hammamet|cap bon,MUSEUM,INDOOR,ALL,1,12,2,5,75,2,LOW,false,lecture;conte;langage;calme,VERY_HIGH,HIGHLY_RECOMMENDED,https://www.patrimoinedetunisie.com.tn/musees/le-musee-de-nabeul/apercu/,verified_venue + synthetic_activity_template
108,Atelier sciences ludiques - Musée archéologique de Nabeul,Expériences simples et sécurisées adaptées aux enfants. Lieu: Musée archéologique de Nabeul. Contexte: Musée archéologique du Cap Bon.,ATELIER,Musée archéologique de Nabeul,nabeul,nabeul|hammamet|cap bon,MUSEUM,INDOOR,ALL,1,12,4,6,75,17,LOW,false,science;curiosite;observation;experience,VERY_HIGH,HIGHLY_RECOMMENDED,https://www.patrimoinedetunisie.com.tn/musees/le-musee-de-nabeul/apercu/,verified_venue + synthetic_activity_template
109,Visite découverte musée - Musée archéologique de Nabeul,Parcours très court centré sur l'observation et la curiosité. Lieu: Musée archéologique de Nabeul. Contexte: Musée archéologique du Cap Bon.,SORTIE,Musée archéologique de Nabeul,nabeul,nabeul|hammamet|cap bon,MUSEUM,INDOOR,ALL,1,12,4,6,60,12,LOW,true,musee;culture;observation;patrimoine,HIGH,HIGHLY_RECOMMENDED,https://www.patrimoinedetunisie.com.tn/musees/le-musee-de-nabeul/apercu/,verified_venue + synthetic_activity_template
110,Parcours nature et observation - Musée archéologique de Nabeul,"Découverte des arbres, des insectes et des saisons dans un espace vert. Lieu: Musée archéologique de Nabeul. Contexte: Musée archéologique du Cap Bon.",SORTIE,Musée archéologique de Nabeul,nabeul,nabeul|hammamet|cap bon,MUSEUM,INDOOR,PRINTEMPS,3,5,2,6,90,2,LOW,true,nature;plein_air;observation;saisons,VERY_HIGH,HIGHLY_RECOMMENDED,https://www.patrimoinedetunisie.com.tn/musees/le-musee-de-nabeul/apercu/,verified_venue + synthetic_activity_template
111,Jeux moteurs en plein air - Musée archéologique de Nabeul,"Parcours moteur, jeux collectifs et coordination en extérieur. Lieu: Musée archéologique de Nabeul. Contexte: Musée archéologique du Cap Bon.",ACTIVITE,Musée archéologique de Nabeul,nabeul,nabeul|hammamet|cap bon,MUSEUM,INDOOR,PRINTEMPS,3,5,2,6,60,2,LOW,false,motricite;plein_air;cooperation,HIGH,HIGHLY_RECOMMENDED,https://www.patrimoinedetunisie.com.tn/musees/le-musee-de-nabeul/apercu/,verified_venue + synthetic_activity_template
112,Atelier jardinage - Musée archéologique de Nabeul,"Plantation de graines, arrosage et découverte du vivant. Lieu: Musée archéologique de Nabeul. Contexte: Musée archéologique du Cap Bon.",ATELIER,Musée archéologique de Nabeul,nabeul,nabeul|hammamet|cap bon,MUSEUM,INDOOR,PRINTEMPS,3,5,2,6,45,7,LOW,false,jardinage;nature;botanique;sensoriel,VERY_HIGH,HIGHLY_RECOMMENDED,https://www.patrimoinedetunisie.com.tn/musees/le-musee-de-nabeul/apercu/,verified_venue + synthetic_activity_template
113,Jeux d'eau encadrés - Musée archéologique de Nabeul,"Jeux sensoriels d'été avec eau, bacs et activités rafraîchissantes. Lieu: Musée archéologique de Nabeul. Contexte: Musée archéologique du Cap Bon.",ACTIVITE,Musée archéologique de Nabeul,nabeul,nabeul|hammamet|cap bon,MUSEUM,INDOOR,ETE,6,8,2,6,45,10,LOW,false,ete;eau;sensoriel;motricite,HIGH,HIGHLY_RECOMMENDED,https://www.patrimoinedetunisie.com.tn/musees/le-musee-de-nabeul/apercu/,verified_venue + synthetic_activity_template
114,Atelier musique et rythme - Musée archéologique de Nabeul,"Chansons, percussions douces et expression corporelle. Lieu: Musée archéologique de Nabeul. Contexte: Musée archéologique du Cap Bon.",ATELIER,Musée archéologique de Nabeul,nabeul,nabeul|hammamet|cap bon,MUSEUM,INDOOR,ALL,1,12,2,6,60,12,LOW,false,musique;rythme;expression;groupe,HIGH,HIGHLY_RECOMMENDED,https://www.patrimoinedetunisie.com.tn/musees/le-musee-de-nabeul/apercu/,verified_venue + synthetic_activity_template
115,Mini exploration planétarium - Musée archéologique de Nabeul,Découverte visuelle de l'espace et des étoiles en séance courte. Lieu: Musée archéologique de Nabeul. Contexte: Musée archéologique du Cap Bon.,SORTIE,Musée archéologique de Nabeul,nabeul,nabeul|hammamet|cap bon,MUSEUM,INDOOR,ALL,1,12,4,6,45,16,LOW,true,astronomie;planetes;science;immersion,VERY_HIGH,HIGHLY_RECOMMENDED,https://www.patrimoinedetunisie.com.tn/musees/le-musee-de-nabeul/apercu/,verified_venue + synthetic_activity_template
116,Atelier patrimoine visuel - Musée archéologique de Nabeul,"Observation de formes, mosaïques et objets anciens avec langage adapté. Lieu: Musée archéologique de Nabeul. Contexte: Musée archéologique du Cap Bon.",ATELIER,Musée archéologique de Nabeul,nabeul,nabeul|hammamet|cap bon,MUSEUM,INDOOR,ALL,1,12,4,6,90,12,LOW,true,patrimoine;mosaïque;culture;formes,HIGH,HIGHLY_RECOMMENDED,https://www.patrimoinedetunisie.com.tn/musees/le-musee-de-nabeul/apercu/,verified_venue + synthetic_activity_template
117,Pique-nique pédagogique - Musée archéologique de Nabeul,"Temps calme en extérieur avec règles de groupe, repas et jeux libres. Lieu: Musée archéologique de Nabeul. Contexte: Musée archéologique du Cap Bon.",ACTIVITE,Musée archéologique de Nabeul,nabeul,nabeul|hammamet|cap bon,MUSEUM,INDOOR,PRINTEMPS,3,5,2,6,45,8,LOW,true,pique_nique;autonomie;plein_air;vie_collective,MEDIUM,RECOMMENDED,https://www.patrimoinedetunisie.com.tn/musees/le-musee-de-nabeul/apercu/,verified_venue + synthetic_activity_template
118,Atelier collage nature - Musée archéologique de Nabeul,"Feuilles, fleurs et textures pour créer une œuvre simple. Lieu: Musée archéologique de Nabeul. Contexte: Musée archéologique du Cap Bon.",ATELIER,Musée archéologique de Nabeul,nabeul,nabeul|hammamet|cap bon,MUSEUM,INDOOR,AUTOMNE,9,11,2,6,45,9,LOW,false,nature;automne;collage;textures,HIGH,HIGHLY_RECOMMENDED,https://www.patrimoinedetunisie.com.tn/musees/le-musee-de-nabeul/apercu/,verified_venue + synthetic_activity_template
119,Visite marine sensorielle - Musée archéologique de Nabeul,Découverte du monde marin avec vocabulaire simple et observation. Lieu: Musée archéologique de Nabeul. Contexte: Musée archéologique du Cap Bon.,SORTIE,Musée archéologique de Nabeul,nabeul,nabeul|hammamet|cap bon,MUSEUM,INDOOR,ALL,1,12,3,6,90,17,LOW,true,mer;poissons;marine;observation,VERY_HIGH,HIGHLY_RECOMMENDED,https://www.patrimoinedetunisie.com.tn/musees/le-musee-de-nabeul/apercu/,verified_venue + synthetic_activity_template
120,Atelier théâtre et marionnettes - Musée archéologique de Nabeul,"Jeu symbolique, histoires courtes et manipulation de marionnettes. Lieu: Musée archéologique de Nabeul. Contexte: Musée archéologique du Cap Bon.",ATELIER,Musée archéologique de Nabeul,nabeul,nabeul|hammamet|cap bon,MUSEUM,INDOOR,HIVER,11,2,3,6,75,12,LOW,false,theatre;marionnettes;expression;langage,HIGH,HIGHLY_RECOMMENDED,https://www.patrimoinedetunisie.com.tn/musees/le-musee-de-nabeul/apercu/,verified_venue + synthetic_activity_template
121,Atelier musique et rythme - Centre culturel de Sousse,Activité pédagogique en contexte tunisien pour enfants de maternelle. Lieu: Centre culturel de Sousse.,ATELIER,Centre culturel de Sousse,sousse,sousse,CULTURAL_CENTER,INDOOR,ALL,1,12,2,6,60,12,LOW,false,musique;rythme;culture;groupe,HIGH,RECOMMENDED,,synthetic_tunisia_context
122,Jeux moteurs en plein air - Parc urbain de Sousse,Activité pédagogique en contexte tunisien pour enfants de maternelle. Lieu: Parc urbain de Sousse.,ACTIVITE,Parc urbain de Sousse,sousse,sousse,PARK,OUTDOOR,PRINTEMPS,3,5,2,6,60,0,LOW,false,motricite;plein_air;cooperation,HIGH,RECOMMENDED,,synthetic_tunisia_context
123,Atelier théâtre et marionnettes - Bab Bhar Cultural Center,Activité pédagogique en contexte tunisien pour enfants de maternelle. Lieu: Bab Bhar Cultural Center.,ATELIER,Bab Bhar Cultural Center,sfax,sfax,CULTURAL_CENTER,INDOOR,HIVER,11,2,3,6,60,10,LOW,false,theatre;marionnettes;expression;langage,HIGH,RECOMMENDED,,synthetic_tunisia_context
124,Parcours patrimoine visuel - Médina de Sfax,Activité pédagogique en contexte tunisien pour enfants de maternelle. Lieu: Médina de Sfax.,SORTIE,Médina de Sfax,sfax,sfax,HERITAGE_SITE,OUTDOOR,AUTOMNE,9,11,4,6,60,0,LOW,true,medina;patrimoine;culture;observation,HIGH,RECOMMENDED,,synthetic_tunisia_context
