id,title,short_description,event_type,location_name,address,city,city_aliases,country,latitude,longitude,venue_type,indoor_outdoor,season,age_min,age_max,duration_minutes,price_dt,budget_band,requires_authorization,tags,educational_value,recommended_label
1,Atelier dessin créatif,"Dessin, formes et couleurs pour développer l’imagination et la motricité fine.",ATELIER,Garderie TinySpring Ariana,"20 rue Ahmed Tlili, Rue Ahmed Tlili, Ariana, Tunisie",Ariana,ariana;tunis nord;ennasr;el menzah;menzah 5;menzah 6;raoued;soukra,Tunisie,36.8625,10.1956,DAYCARE,INDOOR,ALL,2,6,45,8,LOW,False,art;dessin;couleurs;motricite_fine,HIGH,HIGHLY_RECOMMENDED
2,Atelier pâte à modeler,Modelage sensoriel avec formes simples et consignes adaptées aux petits.,ATELIER,Garderie TinySpring Ariana,"20 rue Ahmed Tlili, Rue Ahmed Tlili, Ariana, Tunisie",Ariana,ariana;tunis nord;ennasr;el menzah;menzah 5;menzah 6;raoued;soukra,Tunisie,36.8625,10.1956,DAYCARE,INDOOR,ALL,2,5,40,6,LOW,False,sensoriel;pate_a_modeler;motricite_fine,HIGH,HIGHLY_RECOMMENDED
3,Lecture de contes illustrés,"Histoires, images et échanges pour stimuler le langage et l’écoute.",ACTIVITE,Garderie TinySpring Ariana,"20 rue Ahmed Tlili, Rue Ahmed Tlili, Ariana, Tunisie",Ariana,ariana;tunis nord;ennasr;el menzah;menzah 5;menzah 6;raoued;soukra,Tunisie,36.8625,10.1956,DAYCARE,INDOOR,ALL,2,5,30,0,LOW,False,lecture;contes;langage;calme,VERY_HIGH,HIGHLY_RECOMMENDED
4,Atelier musique et rythme,"Percussions simples, chansons et jeux de rythme pour la coordination.",ATELIER,Garderie TinySpring Ariana,"20 rue Ahmed Tlili, Rue Ahmed Tlili, Ariana, Tunisie",Ariana,ariana;tunis nord;ennasr;el menzah;menzah 5;menzah 6;raoued;soukra,Tunisie,36.8625,10.1956,DAYCARE,INDOOR,ALL,2,6,40,10,LOW,False,musique;rythme;coordination,HIGH,HIGHLY_RECOMMENDED
5,Jeux éducatifs en groupe,Défis coopératifs et jeux d’attention pour apprendre à attendre son tour.,ACTIVITE,Garderie TinySpring Ariana,"20 rue Ahmed Tlili, Rue Ahmed Tlili, Ariana, Tunisie",Ariana,ariana;tunis nord;ennasr;el menzah;menzah 5;menzah 6;raoued;soukra,Tunisie,36.8625,10.1956,DAYCARE,INDOOR,ALL,3,6,35,0,LOW,False,cooperation;attention;groupe,HIGH,HIGHLY_RECOMMENDED
6,Atelier jardinage en pot,"Semis, observation des graines et vocabulaire autour du vivant.",ATELIER,Garderie TinySpring Ariana,"20 rue Ahmed Tlili, Rue Ahmed Tlili, Ariana, Tunisie",Ariana,ariana;tunis nord;ennasr;el menzah;menzah 5;menzah 6;raoued;soukra,Tunisie,36.8625,10.1956,DAYCARE,INDOOR,PRINTEMPS,3,6,55,12,LOW,False,jardinage;nature;sciences,VERY_HIGH,HIGHLY_RECOMMENDED
7,Parcours motricité doux,"Tunnel, cerceaux et équilibre dans un parcours sécurisé à la garderie.",ACTIVITE,Garderie TinySpring Ariana,"20 rue Ahmed Tlili, Rue Ahmed Tlili, Ariana, Tunisie",Ariana,ariana;tunis nord;ennasr;el menzah;menzah 5;menzah 6;raoued;soukra,Tunisie,36.8625,10.1956,DAYCARE,INDOOR,ALL,2,6,45,0,LOW,False,motricite;equilibre;coordination,HIGH,HIGHLY_RECOMMENDED
8,Atelier cuisine saine,Préparation de brochettes de fruits et discussion sur l’hygiène alimentaire.,ATELIER,Garderie TinySpring Ariana,"20 rue Ahmed Tlili, Rue Ahmed Tlili, Ariana, Tunisie",Ariana,ariana;tunis nord;ennasr;el menzah;menzah 5;menzah 6;raoued;soukra,Tunisie,36.8625,10.1956,DAYCARE,INDOOR,ALL,3,6,50,14,LOW,False,cuisine;nutrition;hygiene,VERY_HIGH,HIGHLY_RECOMMENDED
9,Expériences eau et couleurs,"Mélanges, transvasements et observation des couleurs.",ACTIVITE,Garderie TinySpring Ariana,"20 rue Ahmed Tlili, Rue Ahmed Tlili, Ariana, Tunisie",Ariana,ariana;tunis nord;ennasr;el menzah;menzah 5;menzah 6;raoued;soukra,Tunisie,36.8625,10.1956,DAYCARE,INDOOR,ETE,2,6,40,6,LOW,False,sensoriel;eau;couleurs;sciences,HIGH,HIGHLY_RECOMMENDED
10,Mini théâtre des émotions,"Mimes et marionnettes pour reconnaître joie, colère et peur.",ATELIER,Garderie TinySpring Ariana,"20 rue Ahmed Tlili, Rue Ahmed Tlili, Ariana, Tunisie",Ariana,ariana;tunis nord;ennasr;el menzah;menzah 5;menzah 6;raoued;soukra,Tunisie,36.8625,10.1956,DAYCARE,INDOOR,ALL,3,6,45,8,LOW,False,emotions;theatre;expression,VERY_HIGH,HIGHLY_RECOMMENDED
11,Yoga ludique enfants,"Postures animales, respiration et retour au calme.",ACTIVITE,Garderie TinySpring Ariana,"20 rue Ahmed Tlili, Rue Ahmed Tlili, Ariana, Tunisie",Ariana,ariana;tunis nord;ennasr;el menzah;menzah 5;menzah 6;raoued;soukra,Tunisie,36.8625,10.1956,DAYCARE,INDOOR,ALL,3,6,35,7,LOW,False,yoga;calme;respiration,HIGH,HIGHLY_RECOMMENDED
12,Atelier tri sélectif,Jeu de tri des déchets et sensibilisation écologique simple.,ATELIER,Garderie TinySpring Ariana,"20 rue Ahmed Tlili, Rue Ahmed Tlili, Ariana, Tunisie",Ariana,ariana;tunis nord;ennasr;el menzah;menzah 5;menzah 6;raoued;soukra,Tunisie,36.8625,10.1956,DAYCARE,INDOOR,ALL,4,6,40,0,LOW,False,ecologie;tri;responsabilite,VERY_HIGH,HIGHLY_RECOMMENDED
13,Comptines bilingues,Comptines en français et arabe tunisien pour enrichir le vocabulaire.,ACTIVITE,Garderie TinySpring Ariana,"20 rue Ahmed Tlili, Rue Ahmed Tlili, Ariana, Tunisie",Ariana,ariana;tunis nord;ennasr;el menzah;menzah 5;menzah 6;raoued;soukra,Tunisie,36.8625,10.1956,DAYCARE,INDOOR,ALL,2,5,30,0,LOW,False,langage;comptines;bilingue,HIGH,HIGHLY_RECOMMENDED
14,Peinture avec tampons naturels,"Peinture avec feuilles, éponges et formes végétales.",ATELIER,Garderie TinySpring Ariana,"20 rue Ahmed Tlili, Rue Ahmed Tlili, Ariana, Tunisie",Ariana,ariana;tunis nord;ennasr;el menzah;menzah 5;menzah 6;raoued;soukra,Tunisie,36.8625,10.1956,DAYCARE,INDOOR,AUTOMNE,2,6,45,9,LOW,False,peinture;nature;creativite,HIGH,HIGHLY_RECOMMENDED
15,Atelier petits scientifiques,"Aimants, ombres et objets flottants en mini expériences guidées.",ATELIER,Garderie TinySpring Ariana,"20 rue Ahmed Tlili, Rue Ahmed Tlili, Ariana, Tunisie",Ariana,ariana;tunis nord;ennasr;el menzah;menzah 5;menzah 6;raoued;soukra,Tunisie,36.8625,10.1956,DAYCARE,INDOOR,ALL,4,6,50,12,LOW,False,sciences;observation;curiosite,VERY_HIGH,HIGHLY_RECOMMENDED
16,Jeux de construction coopératifs,Construction de tours et ponts avec consignes de coopération.,ACTIVITE,Garderie TinySpring Ariana,"20 rue Ahmed Tlili, Rue Ahmed Tlili, Ariana, Tunisie",Ariana,ariana;tunis nord;ennasr;el menzah;menzah 5;menzah 6;raoued;soukra,Tunisie,36.8625,10.1956,DAYCARE,INDOOR,ALL,3,6,45,0,LOW,False,construction;logique;cooperation,HIGH,HIGHLY_RECOMMENDED
17,Atelier sécurité routière,"Apprendre feu rouge, passage piéton et règles simples avec tapis de route.",ATELIER,Garderie TinySpring Ariana,"20 rue Ahmed Tlili, Rue Ahmed Tlili, Ariana, Tunisie",Ariana,ariana;tunis nord;ennasr;el menzah;menzah 5;menzah 6;raoued;soukra,Tunisie,36.8625,10.1956,DAYCARE,INDOOR,ALL,4,6,45,0,LOW,False,securite;routiere;citoyennete,VERY_HIGH,HIGHLY_RECOMMENDED
18,Atelier collage recyclé,"Création avec carton, papier et boutons récupérés.",ATELIER,Garderie TinySpring Ariana,"20 rue Ahmed Tlili, Rue Ahmed Tlili, Ariana, Tunisie",Ariana,ariana;tunis nord;ennasr;el menzah;menzah 5;menzah 6;raoued;soukra,Tunisie,36.8625,10.1956,DAYCARE,INDOOR,ALL,3,6,45,5,LOW,False,recyclage;collage;creativite,HIGH,HIGHLY_RECOMMENDED
19,Initiation robotique débranchée,Algorithmes simples avec flèches et parcours au sol.,ATELIER,Garderie TinySpring Ariana,"20 rue Ahmed Tlili, Rue Ahmed Tlili, Ariana, Tunisie",Ariana,ariana;tunis nord;ennasr;el menzah;menzah 5;menzah 6;raoued;soukra,Tunisie,36.8625,10.1956,DAYCARE,INDOOR,ALL,5,6,50,15,LOW,False,logique;robotique;algorithme,VERY_HIGH,HIGHLY_RECOMMENDED
20,Relaxation après-midi,"Histoires calmes, respiration et musique douce.",ACTIVITE,Garderie TinySpring Ariana,"20 rue Ahmed Tlili, Rue Ahmed Tlili, Ariana, Tunisie",Ariana,ariana;tunis nord;ennasr;el menzah;menzah 5;menzah 6;raoued;soukra,Tunisie,36.8625,10.1956,DAYCARE,INDOOR,ALL,2,6,25,0,LOW,False,relaxation;calme;bien_etre,HIGH,HIGHLY_RECOMMENDED
21,Visite découverte - Parc Ennahli,"Observation guidée du lieu, vocabulaire nouveau et mini-jeu de repérage adapté aux enfants.",SORTIE,Parc Ennahli,"Parc Ennahli, Ariana, Tunisie",Ariana,parc ennahli;ennahli;ariana;nord tunis,Tunisie,36.9009,10.165,PARK,OUTDOOR,ALL,4,6,120,18,MEDIUM,True,decouverte;observation;sortie;ariana,HIGH,RECOMMENDED
22,Atelier nature à Parc Ennahli,"Activité d’observation, collecte symbolique et dessin autour de la nature du site.",ATELIER,Parc Ennahli,"Parc Ennahli, Ariana, Tunisie",Ariana,parc ennahli;ennahli;ariana;nord tunis,Tunisie,36.9009,10.165,PARK,OUTDOOR,PRINTEMPS,3,6,90,12,LOW,True,nature;observation;dessin;ariana,VERY_HIGH,HIGHLY_RECOMMENDED
23,Parcours motricité en plein air - Parc Ennahli,"Jeux moteurs, équilibre et coordination dans un espace sécurisé en extérieur.",ACTIVITE,Parc Ennahli,"Parc Ennahli, Ariana, Tunisie",Ariana,parc ennahli;ennahli;ariana;nord tunis,Tunisie,36.9009,10.165,PARK,OUTDOOR,ALL,3,6,75,10,LOW,True,motricite;plein_air;coordination;ariana,HIGH,RECOMMENDED
24,Conte itinérant à Parc Ennahli,Lecture courte suivie d’un parcours de questions et d’images.,ACTIVITE,Parc Ennahli,"Parc Ennahli, Ariana, Tunisie",Ariana,parc ennahli;ennahli;ariana;nord tunis,Tunisie,36.9009,10.165,PARK,OUTDOOR,ALL,2,5,60,8,LOW,True,lecture;conte;langage;ariana,HIGH,HIGHLY_RECOMMENDED
25,Chasse aux formes et couleurs - Parc Ennahli,"Les enfants cherchent formes, couleurs et textures autour du lieu.",ACTIVITE,Parc Ennahli,"Parc Ennahli, Ariana, Tunisie",Ariana,parc ennahli;ennahli;ariana;nord tunis,Tunisie,36.9009,10.165,PARK,OUTDOOR,ALL,3,6,70,9,LOW,True,formes;couleurs;sensoriel;ariana,HIGH,RECOMMENDED
26,Sortie culturelle à Parc Ennahli,Découverte culturelle avec discussion simple et production créative au retour.,SORTIE,Parc Ennahli,"Parc Ennahli, Ariana, Tunisie",Ariana,parc ennahli;ennahli;ariana;nord tunis,Tunisie,36.9009,10.165,PARK,OUTDOOR,ALL,4,6,140,22,MEDIUM,True,culture;patrimoine;sortie;ariana,HIGH,RECOMMENDED
27,Mini reportage enfants - Parc Ennahli,"Les enfants observent, posent des questions et préparent un dessin souvenir.",ATELIER,Parc Ennahli,"Parc Ennahli, Ariana, Tunisie",Ariana,parc ennahli;ennahli;ariana;nord tunis,Tunisie,36.9009,10.165,PARK,OUTDOOR,ALL,5,6,110,15,LOW,True,reportage;expression;observation;ariana,VERY_HIGH,HIGHLY_RECOMMENDED
28,Fête thématique à Parc Ennahli,Animation festive avec jeux musicaux et souvenirs autour d’un thème saisonnier.,FETE,Parc Ennahli,"Parc Ennahli, Ariana, Tunisie",Ariana,parc ennahli;ennahli;ariana;nord tunis,Tunisie,36.9009,10.165,PARK,OUTDOOR,ETE,3,6,150,35,MEDIUM,True,fete;musique;animation;ariana,MEDIUM,RECOMMENDED
29,Sortie sensorielle à Parc Ennahli,"Jeux de textures, sons et couleurs pour stimuler les sens.",SORTIE,Parc Ennahli,"Parc Ennahli, Ariana, Tunisie",Ariana,parc ennahli;ennahli;ariana;nord tunis,Tunisie,36.9009,10.165,PARK,OUTDOOR,ALL,2,6,100,16,MEDIUM,True,sensoriel;decouverte;sortie;ariana,HIGH,RECOMMENDED
30,Atelier écologie à Parc Ennahli,"Sensibilisation au respect du lieu, tri simple et geste citoyen.",ATELIER,Parc Ennahli,"Parc Ennahli, Ariana, Tunisie",Ariana,parc ennahli;ennahli;ariana;nord tunis,Tunisie,36.9009,10.165,PARK,OUTDOOR,ALL,4,6,80,7,LOW,True,ecologie;citoyennete;tri;ariana,VERY_HIGH,HIGHLY_RECOMMENDED
31,Visite découverte - Maison de la Culture Ariana,"Observation guidée du lieu, vocabulaire nouveau et mini-jeu de repérage adapté aux enfants.",SORTIE,Maison de la Culture Ariana,"Avenue Habib Bourguiba, Ariana, Tunisie",Ariana,ariana;centre ariana;culture,Tunisie,36.862,10.195,CULTURAL_CENTER,INDOOR,ALL,4,6,120,18,MEDIUM,True,decouverte;observation;sortie;ariana,HIGH,RECOMMENDED
32,Atelier nature à Maison de la Culture Ariana,"Activité d’observation, collecte symbolique et dessin autour de la nature du site.",ATELIER,Maison de la Culture Ariana,"Avenue Habib Bourguiba, Ariana, Tunisie",Ariana,ariana;centre ariana;culture,Tunisie,36.862,10.195,CULTURAL_CENTER,INDOOR,PRINTEMPS,3,6,90,12,LOW,True,nature;observation;dessin;ariana,VERY_HIGH,HIGHLY_RECOMMENDED
33,Parcours motricité en plein air - Maison de la Culture Ariana,"Jeux moteurs, équilibre et coordination dans un espace sécurisé en extérieur.",ACTIVITE,Maison de la Culture Ariana,"Avenue Habib Bourguiba, Ariana, Tunisie",Ariana,ariana;centre ariana;culture,Tunisie,36.862,10.195,CULTURAL_CENTER,INDOOR,ALL,3,6,75,10,LOW,True,motricite;plein_air;coordination;ariana,HIGH,RECOMMENDED
34,Conte itinérant à Maison de la Culture Ariana,Lecture courte suivie d’un parcours de questions et d’images.,ACTIVITE,Maison de la Culture Ariana,"Avenue Habib Bourguiba, Ariana, Tunisie",Ariana,ariana;centre ariana;culture,Tunisie,36.862,10.195,CULTURAL_CENTER,INDOOR,ALL,2,5,60,8,LOW,True,lecture;conte;langage;ariana,HIGH,HIGHLY_RECOMMENDED
35,Chasse aux formes et couleurs - Maison de la Culture Ariana,"Les enfants cherchent formes, couleurs et textures autour du lieu.",ACTIVITE,Maison de la Culture Ariana,"Avenue Habib Bourguiba, Ariana, Tunisie",Ariana,ariana;centre ariana;culture,Tunisie,36.862,10.195,CULTURAL_CENTER,INDOOR,ALL,3,6,70,9,LOW,True,formes;couleurs;sensoriel;ariana,HIGH,RECOMMENDED
36,Sortie culturelle à Maison de la Culture Ariana,Découverte culturelle avec discussion simple et production créative au retour.,SORTIE,Maison de la Culture Ariana,"Avenue Habib Bourguiba, Ariana, Tunisie",Ariana,ariana;centre ariana;culture,Tunisie,36.862,10.195,CULTURAL_CENTER,INDOOR,ALL,4,6,140,22,MEDIUM,True,culture;patrimoine;sortie;ariana,HIGH,RECOMMENDED
37,Mini reportage enfants - Maison de la Culture Ariana,"Les enfants observent, posent des questions et préparent un dessin souvenir.",ATELIER,Maison de la Culture Ariana,"Avenue Habib Bourguiba, Ariana, Tunisie",Ariana,ariana;centre ariana;culture,Tunisie,36.862,10.195,CULTURAL_CENTER,INDOOR,ALL,5,6,110,15,LOW,True,reportage;expression;observation;ariana,VERY_HIGH,HIGHLY_RECOMMENDED
38,Fête thématique à Maison de la Culture Ariana,Animation festive avec jeux musicaux et souvenirs autour d’un thème saisonnier.,FETE,Maison de la Culture Ariana,"Avenue Habib Bourguiba, Ariana, Tunisie",Ariana,ariana;centre ariana;culture,Tunisie,36.862,10.195,CULTURAL_CENTER,INDOOR,ETE,3,6,150,35,MEDIUM,True,fete;musique;animation;ariana,MEDIUM,RECOMMENDED
39,Sortie sensorielle à Maison de la Culture Ariana,"Jeux de textures, sons et couleurs pour stimuler les sens.",SORTIE,Maison de la Culture Ariana,"Avenue Habib Bourguiba, Ariana, Tunisie",Ariana,ariana;centre ariana;culture,Tunisie,36.862,10.195,CULTURAL_CENTER,INDOOR,ALL,2,6,100,16,MEDIUM,True,sensoriel;decouverte;sortie;ariana,HIGH,RECOMMENDED
40,Atelier écologie à Maison de la Culture Ariana,"Sensibilisation au respect du lieu, tri simple et geste citoyen.",ATELIER,Maison de la Culture Ariana,"Avenue Habib Bourguiba, Ariana, Tunisie",Ariana,ariana;centre ariana;culture,Tunisie,36.862,10.195,CULTURAL_CENTER,INDOOR,ALL,4,6,80,7,LOW,True,ecologie;citoyennete;tri;ariana,VERY_HIGH,HIGHLY_RECOMMENDED
41,Visite découverte - Cité des Sciences à Tunis,"Observation guidée du lieu, vocabulaire nouveau et mini-jeu de repérage adapté aux enfants.",SORTIE,Cité des Sciences à Tunis,"Avenue Mohamed Bouazizi, Tunis, Tunisie",Tunis,tunis;el menzah;cite sciences,Tunisie,36.847,10.1975,MUSEUM,INDOOR,ALL,4,6,120,18,MEDIUM,True,decouverte;observation;sortie;tunis,HIGH,RECOMMENDED
42,Atelier nature à Cité des Sciences à Tunis,"Activité d’observation, collecte symbolique et dessin autour de la nature du site.",ATELIER,Cité des Sciences à Tunis,"Avenue Mohamed Bouazizi, Tunis, Tunisie",Tunis,tunis;el menzah;cite sciences,Tunisie,36.847,10.1975,MUSEUM,INDOOR,PRINTEMPS,3,6,90,12,LOW,True,nature;observation;dessin;tunis,VERY_HIGH,HIGHLY_RECOMMENDED
43,Conte itinérant à Cité des Sciences à Tunis,Lecture courte suivie d’un parcours de questions et d’images.,ACTIVITE,Cité des Sciences à Tunis,"Avenue Mohamed Bouazizi, Tunis, Tunisie",Tunis,tunis;el menzah;cite sciences,Tunisie,36.847,10.1975,MUSEUM,INDOOR,ALL,2,5,60,8,LOW,True,lecture;conte;langage;tunis,HIGH,HIGHLY_RECOMMENDED
44,Chasse aux formes et couleurs - Cité des Sciences à Tunis,"Les enfants cherchent formes, couleurs et textures autour du lieu.",ACTIVITE,Cité des Sciences à Tunis,"Avenue Mohamed Bouazizi, Tunis, Tunisie",Tunis,tunis;el menzah;cite sciences,Tunisie,36.847,10.1975,MUSEUM,INDOOR,ALL,3,6,70,9,LOW,True,formes;couleurs;sensoriel;tunis,HIGH,RECOMMENDED
45,Sortie culturelle à Cité des Sciences à Tunis,Découverte culturelle avec discussion simple et production créative au retour.,SORTIE,Cité des Sciences à Tunis,"Avenue Mohamed Bouazizi, Tunis, Tunisie",Tunis,tunis;el menzah;cite sciences,Tunisie,36.847,10.1975,MUSEUM,INDOOR,ALL,4,6,140,22,MEDIUM,True,culture;patrimoine;sortie;tunis,HIGH,RECOMMENDED
46,Mini reportage enfants - Cité des Sciences à Tunis,"Les enfants observent, posent des questions et préparent un dessin souvenir.",ATELIER,Cité des Sciences à Tunis,"Avenue Mohamed Bouazizi, Tunis, Tunisie",Tunis,tunis;el menzah;cite sciences,Tunisie,36.847,10.1975,MUSEUM,INDOOR,ALL,5,6,110,15,LOW,True,reportage;expression;observation;tunis,VERY_HIGH,HIGHLY_RECOMMENDED
47,Fête thématique à Cité des Sciences à Tunis,Animation festive avec jeux musicaux et souvenirs autour d’un thème saisonnier.,FETE,Cité des Sciences à Tunis,"Avenue Mohamed Bouazizi, Tunis, Tunisie",Tunis,tunis;el menzah;cite sciences,Tunisie,36.847,10.1975,MUSEUM,INDOOR,ETE,3,6,150,35,MEDIUM,True,fete;musique;animation;tunis,MEDIUM,RECOMMENDED
48,Sortie sensorielle à Cité des Sciences à Tunis,"Jeux de textures, sons et couleurs pour stimuler les sens.",SORTIE,Cité des Sciences à Tunis,"Avenue Mohamed Bouazizi, Tunis, Tunisie",Tunis,tunis;el menzah;cite sciences,Tunisie,36.847,10.1975,MUSEUM,INDOOR,ALL,2,6,100,16,MEDIUM,True,sensoriel;decouverte;sortie;tunis,HIGH,RECOMMENDED
49,Atelier écologie à Cité des Sciences à Tunis,"Sensibilisation au respect du lieu, tri simple et geste citoyen.",ATELIER,Cité des Sciences à Tunis,"Avenue Mohamed Bouazizi, Tunis, Tunisie",Tunis,tunis;el menzah;cite sciences,Tunisie,36.847,10.1975,MUSEUM,INDOOR,ALL,4,6,80,7,LOW,True,ecologie;citoyennete;tri;tunis,VERY_HIGH,HIGHLY_RECOMMENDED
50,Visite découverte - Parc du Belvédère,"Observation guidée du lieu, vocabulaire nouveau et mini-jeu de repérage adapté aux enfants.",SORTIE,Parc du Belvédère,"Avenue Taieb Mhiri, Tunis, Tunisie",Tunis,tunis;belvedere;mutuelleville,Tunisie,36.819,10.175,PARK,OUTDOOR,ALL,4,6,120,18,MEDIUM,True,decouverte;observation;sortie;tunis,HIGH,RECOMMENDED
51,Atelier nature à Parc du Belvédère,"Activité d’observation, collecte symbolique et dessin autour de la nature du site.",ATELIER,Parc du Belvédère,"Avenue Taieb Mhiri, Tunis, Tunisie",Tunis,tunis;belvedere;mutuelleville,Tunisie,36.819,10.175,PARK,OUTDOOR,PRINTEMPS,3,6,90,12,LOW,True,nature;observation;dessin;tunis,VERY_HIGH,HIGHLY_RECOMMENDED
52,Parcours motricité en plein air - Parc du Belvédère,"Jeux moteurs, équilibre et coordination dans un espace sécurisé en extérieur.",ACTIVITE,Parc du Belvédère,"Avenue Taieb Mhiri, Tunis, Tunisie",Tunis,tunis;belvedere;mutuelleville,Tunisie,36.819,10.175,PARK,OUTDOOR,ALL,3,6,75,10,LOW,True,motricite;plein_air;coordination;tunis,HIGH,RECOMMENDED
53,Conte itinérant à Parc du Belvédère,Lecture courte suivie d’un parcours de questions et d’images.,ACTIVITE,Parc du Belvédère,"Avenue Taieb Mhiri, Tunis, Tunisie",Tunis,tunis;belvedere;mutuelleville,Tunisie,36.819,10.175,PARK,OUTDOOR,ALL,2,5,60,8,LOW,True,lecture;conte;langage;tunis,HIGH,HIGHLY_RECOMMENDED
54,Chasse aux formes et couleurs - Parc du Belvédère,"Les enfants cherchent formes, couleurs et textures autour du lieu.",ACTIVITE,Parc du Belvédère,"Avenue Taieb Mhiri, Tunis, Tunisie",Tunis,tunis;belvedere;mutuelleville,Tunisie,36.819,10.175,PARK,OUTDOOR,ALL,3,6,70,9,LOW,True,formes;couleurs;sensoriel;tunis,HIGH,RECOMMENDED
55,Sortie culturelle à Parc du Belvédère,Découverte culturelle avec discussion simple et production créative au retour.,SORTIE,Parc du Belvédère,"Avenue Taieb Mhiri, Tunis, Tunisie",Tunis,tunis;belvedere;mutuelleville,Tunisie,36.819,10.175,PARK,OUTDOOR,ALL,4,6,140,22,MEDIUM,True,culture;patrimoine;sortie;tunis,HIGH,RECOMMENDED
56,Mini reportage enfants - Parc du Belvédère,"Les enfants observent, posent des questions et préparent un dessin souvenir.",ATELIER,Parc du Belvédère,"Avenue Taieb Mhiri, Tunis, Tunisie",Tunis,tunis;belvedere;mutuelleville,Tunisie,36.819,10.175,PARK,OUTDOOR,ALL,5,6,110,15,LOW,True,reportage;expression;observation;tunis,VERY_HIGH,HIGHLY_RECOMMENDED
57,Fête thématique à Parc du Belvédère,Animation festive avec jeux musicaux et souvenirs autour d’un thème saisonnier.,FETE,Parc du Belvédère,"Avenue Taieb Mhiri, Tunis, Tunisie",Tunis,tunis;belvedere;mutuelleville,Tunisie,36.819,10.175,PARK,OUTDOOR,ETE,3,6,150,35,MEDIUM,True,fete;musique;animation;tunis,MEDIUM,RECOMMENDED
58,Sortie sensorielle à Parc du Belvédère,"Jeux de textures, sons et couleurs pour stimuler les sens.",SORTIE,Parc du Belvédère,"Avenue Taieb Mhiri, Tunis, Tunisie",Tunis,tunis;belvedere;mutuelleville,Tunisie,36.819,10.175,PARK,OUTDOOR,ALL,2,6,100,16,MEDIUM,True,sensoriel;decouverte;sortie;tunis,HIGH,RECOMMENDED
59,Atelier écologie à Parc du Belvédère,"Sensibilisation au respect du lieu, tri simple et geste citoyen.",ATELIER,Parc du Belvédère,"Avenue Taieb Mhiri, Tunis, Tunisie",Tunis,tunis;belvedere;mutuelleville,Tunisie,36.819,10.175,PARK,OUTDOOR,ALL,4,6,80,7,LOW,True,ecologie;citoyennete;tri;tunis,VERY_HIGH,HIGHLY_RECOMMENDED
60,Visite découverte - Musée national du Bardo,"Observation guidée du lieu, vocabulaire nouveau et mini-jeu de repérage adapté aux enfants.",SORTIE,Musée national du Bardo,"Le Bardo, Tunis, Tunisie",Tunis,tunis;bardo;musee,Tunisie,36.8091,10.134,MUSEUM,INDOOR,ALL,4,6,120,18,MEDIUM,True,decouverte;observation;sortie;tunis,HIGH,RECOMMENDED
61,Atelier nature à Musée national du Bardo,"Activité d’observation, collecte symbolique et dessin autour de la nature du site.",ATELIER,Musée national du Bardo,"Le Bardo, Tunis, Tunisie",Tunis,tunis;bardo;musee,Tunisie,36.8091,10.134,MUSEUM,INDOOR,PRINTEMPS,3,6,90,12,LOW,True,nature;observation;dessin;tunis,VERY_HIGH,HIGHLY_RECOMMENDED
62,Conte itinérant à Musée national du Bardo,Lecture courte suivie d’un parcours de questions et d’images.,ACTIVITE,Musée national du Bardo,"Le Bardo, Tunis, Tunisie",Tunis,tunis;bardo;musee,Tunisie,36.8091,10.134,MUSEUM,INDOOR,ALL,2,5,60,8,LOW,True,lecture;conte;langage;tunis,HIGH,HIGHLY_RECOMMENDED
63,Chasse aux formes et couleurs - Musée national du Bardo,"Les enfants cherchent formes, couleurs et textures autour du lieu.",ACTIVITE,Musée national du Bardo,"Le Bardo, Tunis, Tunisie",Tunis,tunis;bardo;musee,Tunisie,36.8091,10.134,MUSEUM,INDOOR,ALL,3,6,70,9,LOW,True,formes;couleurs;sensoriel;tunis,HIGH,RECOMMENDED
64,Sortie culturelle à Musée national du Bardo,Découverte culturelle avec discussion simple et production créative au retour.,SORTIE,Musée national du Bardo,"Le Bardo, Tunis, Tunisie",Tunis,tunis;bardo;musee,Tunisie,36.8091,10.134,MUSEUM,INDOOR,ALL,4,6,140,22,MEDIUM,True,culture;patrimoine;sortie;tunis,HIGH,RECOMMENDED
65,Mini reportage enfants - Musée national du Bardo,"Les enfants observent, posent des questions et préparent un dessin souvenir.",ATELIER,Musée national du Bardo,"Le Bardo, Tunis, Tunisie",Tunis,tunis;bardo;musee,Tunisie,36.8091,10.134,MUSEUM,INDOOR,ALL,5,6,110,15,LOW,True,reportage;expression;observation;tunis,VERY_HIGH,HIGHLY_RECOMMENDED
66,Fête thématique à Musée national du Bardo,Animation festive avec jeux musicaux et souvenirs autour d’un thème saisonnier.,FETE,Musée national du Bardo,"Le Bardo, Tunis, Tunisie",Tunis,tunis;bardo;musee,Tunisie,36.8091,10.134,MUSEUM,INDOOR,ETE,3,6,150,35,MEDIUM,True,fete;musique;animation;tunis,MEDIUM,RECOMMENDED
67,Sortie sensorielle à Musée national du Bardo,"Jeux de textures, sons et couleurs pour stimuler les sens.",SORTIE,Musée national du Bardo,"Le Bardo, Tunis, Tunisie",Tunis,tunis;bardo;musee,Tunisie,36.8091,10.134,MUSEUM,INDOOR,ALL,2,6,100,16,MEDIUM,True,sensoriel;decouverte;sortie;tunis,HIGH,RECOMMENDED
68,Atelier écologie à Musée national du Bardo,"Sensibilisation au respect du lieu, tri simple et geste citoyen.",ATELIER,Musée national du Bardo,"Le Bardo, Tunis, Tunisie",Tunis,tunis;bardo;musee,Tunisie,36.8091,10.134,MUSEUM,INDOOR,ALL,4,6,80,7,LOW,True,ecologie;citoyennete;tri;tunis,VERY_HIGH,HIGHLY_RECOMMENDED
69,Visite découverte - Musée océanographique de Salammbô,"Observation guidée du lieu, vocabulaire nouveau et mini-jeu de repérage adapté aux enfants.",SORTIE,Musée océanographique de Salammbô,"Rue du 2 Mars 1934, Carthage, Tunisie",Carthage,carthage;salammbo;banlieue nord,Tunisie,36.842,10.324,MUSEUM,INDOOR,ALL,4,6,120,22,MEDIUM,True,decouverte;observation;sortie;carthage,HIGH,RECOMMENDED
70,Atelier nature à Musée océanographique de Salammbô,"Activité d’observation, collecte symbolique et dessin autour de la nature du site.",ATELIER,Musée océanographique de Salammbô,"Rue du 2 Mars 1934, Carthage, Tunisie",Carthage,carthage;salammbo;banlieue nord,Tunisie,36.842,10.324,MUSEUM,INDOOR,PRINTEMPS,3,6,90,16,MEDIUM,True,nature;observation;dessin;carthage,VERY_HIGH,HIGHLY_RECOMMENDED
71,Conte itinérant à Musée océanographique de Salammbô,Lecture courte suivie d’un parcours de questions et d’images.,ACTIVITE,Musée océanographique de Salammbô,"Rue du 2 Mars 1934, Carthage, Tunisie",Carthage,carthage;salammbo;banlieue nord,Tunisie,36.842,10.324,MUSEUM,INDOOR,ALL,2,5,60,12,LOW,True,lecture;conte;langage;carthage,HIGH,HIGHLY_RECOMMENDED
72,Chasse aux formes et couleurs - Musée océanographique de Salammbô,"Les enfants cherchent formes, couleurs et textures autour du lieu.",ACTIVITE,Musée océanographique de Salammbô,"Rue du 2 Mars 1934, Carthage, Tunisie",Carthage,carthage;salammbo;banlieue nord,Tunisie,36.842,10.324,MUSEUM,INDOOR,ALL,3,6,70,13,LOW,True,formes;couleurs;sensoriel;carthage,HIGH,RECOMMENDED
73,Sortie culturelle à Musée océanographique de Salammbô,Découverte culturelle avec discussion simple et production créative au retour.,SORTIE,Musée océanographique de Salammbô,"Rue du 2 Mars 1934, Carthage, Tunisie",Carthage,carthage;salammbo;banlieue nord,Tunisie,36.842,10.324,MUSEUM,INDOOR,ALL,4,6,140,26,MEDIUM,True,culture;patrimoine;sortie;carthage,HIGH,RECOMMENDED
74,Mini reportage enfants - Musée océanographique de Salammbô,"Les enfants observent, posent des questions et préparent un dessin souvenir.",ATELIER,Musée océanographique de Salammbô,"Rue du 2 Mars 1934, Carthage, Tunisie",Carthage,carthage;salammbo;banlieue nord,Tunisie,36.842,10.324,MUSEUM,INDOOR,ALL,5,6,110,19,MEDIUM,True,reportage;expression;observation;carthage,VERY_HIGH,RECOMMENDED
75,Fête thématique à Musée océanographique de Salammbô,Animation festive avec jeux musicaux et souvenirs autour d’un thème saisonnier.,FETE,Musée océanographique de Salammbô,"Rue du 2 Mars 1934, Carthage, Tunisie",Carthage,carthage;salammbo;banlieue nord,Tunisie,36.842,10.324,MUSEUM,INDOOR,ETE,3,6,150,39,HIGH,True,fete;musique;animation;carthage,MEDIUM,RECOMMENDED
76,Sortie sensorielle à Musée océanographique de Salammbô,"Jeux de textures, sons et couleurs pour stimuler les sens.",SORTIE,Musée océanographique de Salammbô,"Rue du 2 Mars 1934, Carthage, Tunisie",Carthage,carthage;salammbo;banlieue nord,Tunisie,36.842,10.324,MUSEUM,INDOOR,ALL,2,6,100,20,MEDIUM,True,sensoriel;decouverte;sortie;carthage,HIGH,RECOMMENDED
77,Atelier écologie à Musée océanographique de Salammbô,"Sensibilisation au respect du lieu, tri simple et geste citoyen.",ATELIER,Musée océanographique de Salammbô,"Rue du 2 Mars 1934, Carthage, Tunisie",Carthage,carthage;salammbo;banlieue nord,Tunisie,36.842,10.324,MUSEUM,INDOOR,ALL,4,6,80,11,LOW,True,ecologie;citoyennete;tri;carthage,VERY_HIGH,HIGHLY_RECOMMENDED
78,Visite découverte - Parc Essaada La Marsa,"Observation guidée du lieu, vocabulaire nouveau et mini-jeu de repérage adapté aux enfants.",SORTIE,Parc Essaada La Marsa,"La Marsa, Tunis, Tunisie",La Marsa,la marsa;marsa;banlieue nord,Tunisie,36.878,10.324,PARK,OUTDOOR,ALL,4,6,120,22,MEDIUM,True,decouverte;observation;sortie;la_marsa,HIGH,RECOMMENDED
79,Atelier nature à Parc Essaada La Marsa,"Activité d’observation, collecte symbolique et dessin autour de la nature du site.",ATELIER,Parc Essaada La Marsa,"La Marsa, Tunis, Tunisie",La Marsa,la marsa;marsa;banlieue nord,Tunisie,36.878,10.324,PARK,OUTDOOR,PRINTEMPS,3,6,90,16,MEDIUM,True,nature;observation;dessin;la_marsa,VERY_HIGH,HIGHLY_RECOMMENDED
80,Parcours motricité en plein air - Parc Essaada La Marsa,"Jeux moteurs, équilibre et coordination dans un espace sécurisé en extérieur.",ACTIVITE,Parc Essaada La Marsa,"La Marsa, Tunis, Tunisie",La Marsa,la marsa;marsa;banlieue nord,Tunisie,36.878,10.324,PARK,OUTDOOR,ALL,3,6,75,14,LOW,True,motricite;plein_air;coordination;la_marsa,HIGH,RECOMMENDED
81,Conte itinérant à Parc Essaada La Marsa,Lecture courte suivie d’un parcours de questions et d’images.,ACTIVITE,Parc Essaada La Marsa,"La Marsa, Tunis, Tunisie",La Marsa,la marsa;marsa;banlieue nord,Tunisie,36.878,10.324,PARK,OUTDOOR,ALL,2,5,60,12,LOW,True,lecture;conte;langage;la_marsa,HIGH,HIGHLY_RECOMMENDED
82,Chasse aux formes et couleurs - Parc Essaada La Marsa,"Les enfants cherchent formes, couleurs et textures autour du lieu.",ACTIVITE,Parc Essaada La Marsa,"La Marsa, Tunis, Tunisie",La Marsa,la marsa;marsa;banlieue nord,Tunisie,36.878,10.324,PARK,OUTDOOR,ALL,3,6,70,13,LOW,True,formes;couleurs;sensoriel;la_marsa,HIGH,RECOMMENDED
83,Sortie culturelle à Parc Essaada La Marsa,Découverte culturelle avec discussion simple et production créative au retour.,SORTIE,Parc Essaada La Marsa,"La Marsa, Tunis, Tunisie",La Marsa,la marsa;marsa;banlieue nord,Tunisie,36.878,10.324,PARK,OUTDOOR,ALL,4,6,140,26,MEDIUM,True,culture;patrimoine;sortie;la_marsa,HIGH,RECOMMENDED
84,Mini reportage enfants - Parc Essaada La Marsa,"Les enfants observent, posent des questions et préparent un dessin souvenir.",ATELIER,Parc Essaada La Marsa,"La Marsa, Tunis, Tunisie",La Marsa,la marsa;marsa;banlieue nord,Tunisie,36.878,10.324,PARK,OUTDOOR,ALL,5,6,110,19,MEDIUM,True,reportage;expression;observation;la_marsa,VERY_HIGH,RECOMMENDED
85,Fête thématique à Parc Essaada La Marsa,Animation festive avec jeux musicaux et souvenirs autour d’un thème saisonnier.,FETE,Parc Essaada La Marsa,"La Marsa, Tunis, Tunisie",La Marsa,la marsa;marsa;banlieue nord,Tunisie,36.878,10.324,PARK,OUTDOOR,ETE,3,6,150,39,HIGH,True,fete;musique;animation;la_marsa,MEDIUM,RECOMMENDED
86,Sortie sensorielle à Parc Essaada La Marsa,"Jeux de textures, sons et couleurs pour stimuler les sens.",SORTIE,Parc Essaada La Marsa,"La Marsa, Tunis, Tunisie",La Marsa,la marsa;marsa;banlieue nord,Tunisie,36.878,10.324,PARK,OUTDOOR,ALL,2,6,100,20,MEDIUM,True,sensoriel;decouverte;sortie;la_marsa,HIGH,RECOMMENDED
87,Atelier écologie à Parc Essaada La Marsa,"Sensibilisation au respect du lieu, tri simple et geste citoyen.",ATELIER,Parc Essaada La Marsa,"La Marsa, Tunis, Tunisie",La Marsa,la marsa;marsa;banlieue nord,Tunisie,36.878,10.324,PARK,OUTDOOR,ALL,4,6,80,11,LOW,True,ecologie;citoyennete;tri;la_marsa,VERY_HIGH,HIGHLY_RECOMMENDED
88,Visite découverte - Parc urbain de Sousse,"Observation guidée du lieu, vocabulaire nouveau et mini-jeu de repérage adapté aux enfants.",SORTIE,Parc urbain de Sousse,"Sousse, Tunisie",Sousse,sousse;sahel,Tunisie,35.8256,10.6084,PARK,OUTDOOR,ALL,4,6,120,18,MEDIUM,True,decouverte;observation;sortie;sousse,HIGH,RECOMMENDED
89,Atelier nature à Parc urbain de Sousse,"Activité d’observation, collecte symbolique et dessin autour de la nature du site.",ATELIER,Parc urbain de Sousse,"Sousse, Tunisie",Sousse,sousse;sahel,Tunisie,35.8256,10.6084,PARK,OUTDOOR,PRINTEMPS,3,6,90,12,LOW,True,nature;observation;dessin;sousse,VERY_HIGH,HIGHLY_RECOMMENDED
90,Parcours motricité en plein air - Parc urbain de Sousse,"Jeux moteurs, équilibre et coordination dans un espace sécurisé en extérieur.",ACTIVITE,Parc urbain de Sousse,"Sousse, Tunisie",Sousse,sousse;sahel,Tunisie,35.8256,10.6084,PARK,OUTDOOR,ALL,3,6,75,10,LOW,True,motricite;plein_air;coordination;sousse,HIGH,RECOMMENDED
91,Conte itinérant à Parc urbain de Sousse,Lecture courte suivie d’un parcours de questions et d’images.,ACTIVITE,Parc urbain de Sousse,"Sousse, Tunisie",Sousse,sousse;sahel,Tunisie,35.8256,10.6084,PARK,OUTDOOR,ALL,2,5,60,8,LOW,True,lecture;conte;langage;sousse,HIGH,HIGHLY_RECOMMENDED
92,Chasse aux formes et couleurs - Parc urbain de Sousse,"Les enfants cherchent formes, couleurs et textures autour du lieu.",ACTIVITE,Parc urbain de Sousse,"Sousse, Tunisie",Sousse,sousse;sahel,Tunisie,35.8256,10.6084,PARK,OUTDOOR,ALL,3,6,70,9,LOW,True,formes;couleurs;sensoriel;sousse,HIGH,RECOMMENDED
93,Sortie culturelle à Parc urbain de Sousse,Découverte culturelle avec discussion simple et production créative au retour.,SORTIE,Parc urbain de Sousse,"Sousse, Tunisie",Sousse,sousse;sahel,Tunisie,35.8256,10.6084,PARK,OUTDOOR,ALL,4,6,140,22,MEDIUM,True,culture;patrimoine;sortie;sousse,HIGH,RECOMMENDED
94,Mini reportage enfants - Parc urbain de Sousse,"Les enfants observent, posent des questions et préparent un dessin souvenir.",ATELIER,Parc urbain de Sousse,"Sousse, Tunisie",Sousse,sousse;sahel,Tunisie,35.8256,10.6084,PARK,OUTDOOR,ALL,5,6,110,15,LOW,True,reportage;expression;observation;sousse,VERY_HIGH,HIGHLY_RECOMMENDED
95,Fête thématique à Parc urbain de Sousse,Animation festive avec jeux musicaux et souvenirs autour d’un thème saisonnier.,FETE,Parc urbain de Sousse,"Sousse, Tunisie",Sousse,sousse;sahel,Tunisie,35.8256,10.6084,PARK,OUTDOOR,ETE,3,6,150,35,MEDIUM,True,fete;musique;animation;sousse,MEDIUM,RECOMMENDED
96,Sortie sensorielle à Parc urbain de Sousse,"Jeux de textures, sons et couleurs pour stimuler les sens.",SORTIE,Parc urbain de Sousse,"Sousse, Tunisie",Sousse,sousse;sahel,Tunisie,35.8256,10.6084,PARK,OUTDOOR,ALL,2,6,100,16,MEDIUM,True,sensoriel;decouverte;sortie;sousse,HIGH,RECOMMENDED
97,Atelier écologie à Parc urbain de Sousse,"Sensibilisation au respect du lieu, tri simple et geste citoyen.",ATELIER,Parc urbain de Sousse,"Sousse, Tunisie",Sousse,sousse;sahel,Tunisie,35.8256,10.6084,PARK,OUTDOOR,ALL,4,6,80,7,LOW,True,ecologie;citoyennete;tri;sousse,VERY_HIGH,HIGHLY_RECOMMENDED
98,Visite découverte - Musée archéologique de Sousse,"Observation guidée du lieu, vocabulaire nouveau et mini-jeu de repérage adapté aux enfants.",SORTIE,Musée archéologique de Sousse,"Rue Abou Kacem Chebbi, Sousse, Tunisie",Sousse,sousse;medina;musee,Tunisie,35.8274,10.6387,MUSEUM,INDOOR,ALL,4,6,120,18,MEDIUM,True,decouverte;observation;sortie;sousse,HIGH,RECOMMENDED
99,Atelier nature à Musée archéologique de Sousse,"Activité d’observation, collecte symbolique et dessin autour de la nature du site.",ATELIER,Musée archéologique de Sousse,"Rue Abou Kacem Chebbi, Sousse, Tunisie",Sousse,sousse;medina;musee,Tunisie,35.8274,10.6387,MUSEUM,INDOOR,PRINTEMPS,3,6,90,12,LOW,True,nature;observation;dessin;sousse,VERY_HIGH,HIGHLY_RECOMMENDED
100,Conte itinérant à Musée archéologique de Sousse,Lecture courte suivie d’un parcours de questions et d’images.,ACTIVITE,Musée archéologique de Sousse,"Rue Abou Kacem Chebbi, Sousse, Tunisie",Sousse,sousse;medina;musee,Tunisie,35.8274,10.6387,MUSEUM,INDOOR,ALL,2,5,60,8,LOW,True,lecture;conte;langage;sousse,HIGH,HIGHLY_RECOMMENDED
101,Chasse aux formes et couleurs - Musée archéologique de Sousse,"Les enfants cherchent formes, couleurs et textures autour du lieu.",ACTIVITE,Musée archéologique de Sousse,"Rue Abou Kacem Chebbi, Sousse, Tunisie",Sousse,sousse;medina;musee,Tunisie,35.8274,10.6387,MUSEUM,INDOOR,ALL,3,6,70,9,LOW,True,formes;couleurs;sensoriel;sousse,HIGH,RECOMMENDED
102,Sortie culturelle à Musée archéologique de Sousse,Découverte culturelle avec discussion simple et production créative au retour.,SORTIE,Musée archéologique de Sousse,"Rue Abou Kacem Chebbi, Sousse, Tunisie",Sousse,sousse;medina;musee,Tunisie,35.8274,10.6387,MUSEUM,INDOOR,ALL,4,6,140,22,MEDIUM,True,culture;patrimoine;sortie;sousse,HIGH,RECOMMENDED
103,Mini reportage enfants - Musée archéologique de Sousse,"Les enfants observent, posent des questions et préparent un dessin souvenir.",ATELIER,Musée archéologique de Sousse,"Rue Abou Kacem Chebbi, Sousse, Tunisie",Sousse,sousse;medina;musee,Tunisie,35.8274,10.6387,MUSEUM,INDOOR,ALL,5,6,110,15,LOW,True,reportage;expression;observation;sousse,VERY_HIGH,HIGHLY_RECOMMENDED
104,Fête thématique à Musée archéologique de Sousse,Animation festive avec jeux musicaux et souvenirs autour d’un thème saisonnier.,FETE,Musée archéologique de Sousse,"Rue Abou Kacem Chebbi, Sousse, Tunisie",Sousse,sousse;medina;musee,Tunisie,35.8274,10.6387,MUSEUM,INDOOR,ETE,3,6,150,35,MEDIUM,True,fete;musique;animation;sousse,MEDIUM,RECOMMENDED
105,Sortie sensorielle à Musée archéologique de Sousse,"Jeux de textures, sons et couleurs pour stimuler les sens.",SORTIE,Musée archéologique de Sousse,"Rue Abou Kacem Chebbi, Sousse, Tunisie",Sousse,sousse;medina;musee,Tunisie,35.8274,10.6387,MUSEUM,INDOOR,ALL,2,6,100,16,MEDIUM,True,sensoriel;decouverte;sortie;sousse,HIGH,RECOMMENDED
106,Atelier écologie à Musée archéologique de Sousse,"Sensibilisation au respect du lieu, tri simple et geste citoyen.",ATELIER,Musée archéologique de Sousse,"Rue Abou Kacem Chebbi, Sousse, Tunisie",Sousse,sousse;medina;musee,Tunisie,35.8274,10.6387,MUSEUM,INDOOR,ALL,4,6,80,7,LOW,True,ecologie;citoyennete;tri;sousse,VERY_HIGH,HIGHLY_RECOMMENDED
107,Visite découverte - Centre culturel international de Hammamet,"Observation guidée du lieu, vocabulaire nouveau et mini-jeu de repérage adapté aux enfants.",SORTIE,Centre culturel international de Hammamet,"Hammamet Sud, Nabeul, Tunisie",Hammamet,hammamet;yasmine hammamet;nabeul,Tunisie,36.3965,10.6094,CULTURAL_CENTER,INDOOR,ALL,4,6,120,18,MEDIUM,True,decouverte;observation;sortie;hammamet,HIGH,RECOMMENDED
108,Atelier nature à Centre culturel international de Hammamet,"Activité d’observation, collecte symbolique et dessin autour de la nature du site.",ATELIER,Centre culturel international de Hammamet,"Hammamet Sud, Nabeul, Tunisie",Hammamet,hammamet;yasmine hammamet;nabeul,Tunisie,36.3965,10.6094,CULTURAL_CENTER,INDOOR,PRINTEMPS,3,6,90,12,LOW,True,nature;observation;dessin;hammamet,VERY_HIGH,HIGHLY_RECOMMENDED
109,Parcours motricité en plein air - Centre culturel international de Hammamet,"Jeux moteurs, équilibre et coordination dans un espace sécurisé en extérieur.",ACTIVITE,Centre culturel international de Hammamet,"Hammamet Sud, Nabeul, Tunisie",Hammamet,hammamet;yasmine hammamet;nabeul,Tunisie,36.3965,10.6094,CULTURAL_CENTER,INDOOR,ALL,3,6,75,10,LOW,True,motricite;plein_air;coordination;hammamet,HIGH,RECOMMENDED
110,Conte itinérant à Centre culturel international de Hammamet,Lecture courte suivie d’un parcours de questions et d’images.,ACTIVITE,Centre culturel international de Hammamet,"Hammamet Sud, Nabeul, Tunisie",Hammamet,hammamet;yasmine hammamet;nabeul,Tunisie,36.3965,10.6094,CULTURAL_CENTER,INDOOR,ALL,2,5,60,8,LOW,True,lecture;conte;langage;hammamet,HIGH,HIGHLY_RECOMMENDED
111,Chasse aux formes et couleurs - Centre culturel international de Hammamet,"Les enfants cherchent formes, couleurs et textures autour du lieu.",ACTIVITE,Centre culturel international de Hammamet,"Hammamet Sud, Nabeul, Tunisie",Hammamet,hammamet;yasmine hammamet;nabeul,Tunisie,36.3965,10.6094,CULTURAL_CENTER,INDOOR,ALL,3,6,70,9,LOW,True,formes;couleurs;sensoriel;hammamet,HIGH,RECOMMENDED
112,Sortie culturelle à Centre culturel international de Hammamet,Découverte culturelle avec discussion simple et production créative au retour.,SORTIE,Centre culturel international de Hammamet,"Hammamet Sud, Nabeul, Tunisie",Hammamet,hammamet;yasmine hammamet;nabeul,Tunisie,36.3965,10.6094,CULTURAL_CENTER,INDOOR,ALL,4,6,140,22,MEDIUM,True,culture;patrimoine;sortie;hammamet,HIGH,RECOMMENDED
113,Mini reportage enfants - Centre culturel international de Hammamet,"Les enfants observent, posent des questions et préparent un dessin souvenir.",ATELIER,Centre culturel international de Hammamet,"Hammamet Sud, Nabeul, Tunisie",Hammamet,hammamet;yasmine hammamet;nabeul,Tunisie,36.3965,10.6094,CULTURAL_CENTER,INDOOR,ALL,5,6,110,15,LOW,True,reportage;expression;observation;hammamet,VERY_HIGH,HIGHLY_RECOMMENDED
114,Fête thématique à Centre culturel international de Hammamet,Animation festive avec jeux musicaux et souvenirs autour d’un thème saisonnier.,FETE,Centre culturel international de Hammamet,"Hammamet Sud, Nabeul, Tunisie",Hammamet,hammamet;yasmine hammamet;nabeul,Tunisie,36.3965,10.6094,CULTURAL_CENTER,INDOOR,ETE,3,6,150,35,MEDIUM,True,fete;musique;animation;hammamet,MEDIUM,RECOMMENDED
115,Sortie sensorielle à Centre culturel international de Hammamet,"Jeux de textures, sons et couleurs pour stimuler les sens.",SORTIE,Centre culturel international de Hammamet,"Hammamet Sud, Nabeul, Tunisie",Hammamet,hammamet;yasmine hammamet;nabeul,Tunisie,36.3965,10.6094,CULTURAL_CENTER,INDOOR,ALL,2,6,100,16,MEDIUM,True,sensoriel;decouverte;sortie;hammamet,HIGH,RECOMMENDED
116,Atelier écologie à Centre culturel international de Hammamet,"Sensibilisation au respect du lieu, tri simple et geste citoyen.",ATELIER,Centre culturel international de Hammamet,"Hammamet Sud, Nabeul, Tunisie",Hammamet,hammamet;yasmine hammamet;nabeul,Tunisie,36.3965,10.6094,CULTURAL_CENTER,INDOOR,ALL,4,6,80,7,LOW,True,ecologie;citoyennete;tri;hammamet,VERY_HIGH,HIGHLY_RECOMMENDED
117,Visite découverte - Musée de Nabeul,"Observation guidée du lieu, vocabulaire nouveau et mini-jeu de repérage adapté aux enfants.",SORTIE,Musée de Nabeul,"Avenue Habib Bourguiba, Nabeul, Tunisie",Nabeul,nabeul;cap bon,Tunisie,36.4561,10.7376,MUSEUM,INDOOR,ALL,4,6,120,18,MEDIUM,True,decouverte;observation;sortie;nabeul,HIGH,RECOMMENDED
118,Atelier nature à Musée de Nabeul,"Activité d’observation, collecte symbolique et dessin autour de la nature du site.",ATELIER,Musée de Nabeul,"Avenue Habib Bourguiba, Nabeul, Tunisie",Nabeul,nabeul;cap bon,Tunisie,36.4561,10.7376,MUSEUM,INDOOR,PRINTEMPS,3,6,90,12,LOW,True,nature;observation;dessin;nabeul,VERY_HIGH,HIGHLY_RECOMMENDED
119,Conte itinérant à Musée de Nabeul,Lecture courte suivie d’un parcours de questions et d’images.,ACTIVITE,Musée de Nabeul,"Avenue Habib Bourguiba, Nabeul, Tunisie",Nabeul,nabeul;cap bon,Tunisie,36.4561,10.7376,MUSEUM,INDOOR,ALL,2,5,60,8,LOW,True,lecture;conte;langage;nabeul,HIGH,HIGHLY_RECOMMENDED
120,Chasse aux formes et couleurs - Musée de Nabeul,"Les enfants cherchent formes, couleurs et textures autour du lieu.",ACTIVITE,Musée de Nabeul,"Avenue Habib Bourguiba, Nabeul, Tunisie",Nabeul,nabeul;cap bon,Tunisie,36.4561,10.7376,MUSEUM,INDOOR,ALL,3,6,70,9,LOW,True,formes;couleurs;sensoriel;nabeul,HIGH,RECOMMENDED
121,Sortie culturelle à Musée de Nabeul,Découverte culturelle avec discussion simple et production créative au retour.,SORTIE,Musée de Nabeul,"Avenue Habib Bourguiba, Nabeul, Tunisie",Nabeul,nabeul;cap bon,Tunisie,36.4561,10.7376,MUSEUM,INDOOR,ALL,4,6,140,22,MEDIUM,True,culture;patrimoine;sortie;nabeul,HIGH,RECOMMENDED
122,Mini reportage enfants - Musée de Nabeul,"Les enfants observent, posent des questions et préparent un dessin souvenir.",ATELIER,Musée de Nabeul,"Avenue Habib Bourguiba, Nabeul, Tunisie",Nabeul,nabeul;cap bon,Tunisie,36.4561,10.7376,MUSEUM,INDOOR,ALL,5,6,110,15,LOW,True,reportage;expression;observation;nabeul,VERY_HIGH,HIGHLY_RECOMMENDED
123,Fête thématique à Musée de Nabeul,Animation festive avec jeux musicaux et souvenirs autour d’un thème saisonnier.,FETE,Musée de Nabeul,"Avenue Habib Bourguiba, Nabeul, Tunisie",Nabeul,nabeul;cap bon,Tunisie,36.4561,10.7376,MUSEUM,INDOOR,ETE,3,6,150,35,MEDIUM,True,fete;musique;animation;nabeul,MEDIUM,RECOMMENDED
124,Sortie sensorielle à Musée de Nabeul,"Jeux de textures, sons et couleurs pour stimuler les sens.",SORTIE,Musée de Nabeul,"Avenue Habib Bourguiba, Nabeul, Tunisie",Nabeul,nabeul;cap bon,Tunisie,36.4561,10.7376,MUSEUM,INDOOR,ALL,2,6,100,16,MEDIUM,True,sensoriel;decouverte;sortie;nabeul,HIGH,RECOMMENDED
125,Atelier écologie à Musée de Nabeul,"Sensibilisation au respect du lieu, tri simple et geste citoyen.",ATELIER,Musée de Nabeul,"Avenue Habib Bourguiba, Nabeul, Tunisie",Nabeul,nabeul;cap bon,Tunisie,36.4561,10.7376,MUSEUM,INDOOR,ALL,4,6,80,7,LOW,True,ecologie;citoyennete;tri;nabeul,VERY_HIGH,HIGHLY_RECOMMENDED
126,Visite découverte - Plage surveillée de Nabeul,"Observation guidée du lieu, vocabulaire nouveau et mini-jeu de repérage adapté aux enfants.",SORTIE,Plage surveillée de Nabeul,"Plage de Nabeul, Nabeul, Tunisie",Nabeul,nabeul;plage;cap bon,Tunisie,36.451,10.735,BEACH,OUTDOOR,ETE,4,6,120,18,MEDIUM,True,decouverte;observation;sortie;nabeul,HIGH,RECOMMENDED
127,Atelier nature à Plage surveillée de Nabeul,"Activité d’observation, collecte symbolique et dessin autour de la nature du site.",ATELIER,Plage surveillée de Nabeul,"Plage de Nabeul, Nabeul, Tunisie",Nabeul,nabeul;plage;cap bon,Tunisie,36.451,10.735,BEACH,OUTDOOR,ETE,3,6,90,12,LOW,True,nature;observation;dessin;nabeul,VERY_HIGH,HIGHLY_RECOMMENDED
128,Parcours motricité en plein air - Plage surveillée de Nabeul,"Jeux moteurs, équilibre et coordination dans un espace sécurisé en extérieur.",ACTIVITE,Plage surveillée de Nabeul,"Plage de Nabeul, Nabeul, Tunisie",Nabeul,nabeul;plage;cap bon,Tunisie,36.451,10.735,BEACH,OUTDOOR,ETE,3,6,75,10,LOW,True,motricite;plein_air;coordination;nabeul,HIGH,RECOMMENDED
129,Conte itinérant à Plage surveillée de Nabeul,Lecture courte suivie d’un parcours de questions et d’images.,ACTIVITE,Plage surveillée de Nabeul,"Plage de Nabeul, Nabeul, Tunisie",Nabeul,nabeul;plage;cap bon,Tunisie,36.451,10.735,BEACH,OUTDOOR,ETE,2,5,60,8,LOW,True,lecture;conte;langage;nabeul,HIGH,HIGHLY_RECOMMENDED
130,Chasse aux formes et couleurs - Plage surveillée de Nabeul,"Les enfants cherchent formes, couleurs et textures autour du lieu.",ACTIVITE,Plage surveillée de Nabeul,"Plage de Nabeul, Nabeul, Tunisie",Nabeul,nabeul;plage;cap bon,Tunisie,36.451,10.735,BEACH,OUTDOOR,ETE,3,6,70,9,LOW,True,formes;couleurs;sensoriel;nabeul,HIGH,RECOMMENDED
131,Sortie culturelle à Plage surveillée de Nabeul,Découverte culturelle avec discussion simple et production créative au retour.,SORTIE,Plage surveillée de Nabeul,"Plage de Nabeul, Nabeul, Tunisie",Nabeul,nabeul;plage;cap bon,Tunisie,36.451,10.735,BEACH,OUTDOOR,ETE,4,6,140,22,MEDIUM,True,culture;patrimoine;sortie;nabeul,HIGH,RECOMMENDED
132,Mini reportage enfants - Plage surveillée de Nabeul,"Les enfants observent, posent des questions et préparent un dessin souvenir.",ATELIER,Plage surveillée de Nabeul,"Plage de Nabeul, Nabeul, Tunisie",Nabeul,nabeul;plage;cap bon,Tunisie,36.451,10.735,BEACH,OUTDOOR,ETE,5,6,110,15,LOW,True,reportage;expression;observation;nabeul,VERY_HIGH,HIGHLY_RECOMMENDED
133,Fête thématique à Plage surveillée de Nabeul,Animation festive avec jeux musicaux et souvenirs autour d’un thème saisonnier.,FETE,Plage surveillée de Nabeul,"Plage de Nabeul, Nabeul, Tunisie",Nabeul,nabeul;plage;cap bon,Tunisie,36.451,10.735,BEACH,OUTDOOR,ETE,3,6,150,35,MEDIUM,True,fete;musique;animation;nabeul,MEDIUM,RECOMMENDED
134,Sortie sensorielle à Plage surveillée de Nabeul,"Jeux de textures, sons et couleurs pour stimuler les sens.",SORTIE,Plage surveillée de Nabeul,"Plage de Nabeul, Nabeul, Tunisie",Nabeul,nabeul;plage;cap bon,Tunisie,36.451,10.735,BEACH,OUTDOOR,ETE,2,6,100,16,MEDIUM,True,sensoriel;decouverte;sortie;nabeul,HIGH,RECOMMENDED
135,Atelier écologie à Plage surveillée de Nabeul,"Sensibilisation au respect du lieu, tri simple et geste citoyen.",ATELIER,Plage surveillée de Nabeul,"Plage de Nabeul, Nabeul, Tunisie",Nabeul,nabeul;plage;cap bon,Tunisie,36.451,10.735,BEACH,OUTDOOR,ETE,4,6,80,7,LOW,True,ecologie;citoyennete;tri;nabeul,VERY_HIGH,HIGHLY_RECOMMENDED
136,Visite découverte - Médina de Sfax,"Observation guidée du lieu, vocabulaire nouveau et mini-jeu de repérage adapté aux enfants.",SORTIE,Médina de Sfax,"Médina, Sfax, Tunisie",Sfax,sfax;medina;sud,Tunisie,34.7406,10.7603,HISTORIC_SITE,OUTDOOR,ALL,4,6,120,15,LOW,True,decouverte;observation;sortie;sfax,HIGH,RECOMMENDED
137,Atelier nature à Médina de Sfax,"Activité d’observation, collecte symbolique et dessin autour de la nature du site.",ATELIER,Médina de Sfax,"Médina, Sfax, Tunisie",Sfax,sfax;medina;sud,Tunisie,34.7406,10.7603,HISTORIC_SITE,OUTDOOR,PRINTEMPS,3,6,90,9,LOW,True,nature;observation;dessin;sfax,VERY_HIGH,HIGHLY_RECOMMENDED
138,Parcours motricité en plein air - Médina de Sfax,"Jeux moteurs, équilibre et coordination dans un espace sécurisé en extérieur.",ACTIVITE,Médina de Sfax,"Médina, Sfax, Tunisie",Sfax,sfax;medina;sud,Tunisie,34.7406,10.7603,HISTORIC_SITE,OUTDOOR,ALL,3,6,75,7,LOW,True,motricite;plein_air;coordination;sfax,HIGH,HIGHLY_RECOMMENDED
139,Conte itinérant à Médina de Sfax,Lecture courte suivie d’un parcours de questions et d’images.,ACTIVITE,Médina de Sfax,"Médina, Sfax, Tunisie",Sfax,sfax;medina;sud,Tunisie,34.7406,10.7603,HISTORIC_SITE,OUTDOOR,ALL,2,5,60,5,LOW,True,lecture;conte;langage;sfax,HIGH,HIGHLY_RECOMMENDED
140,Chasse aux formes et couleurs - Médina de Sfax,"Les enfants cherchent formes, couleurs et textures autour du lieu.",ACTIVITE,Médina de Sfax,"Médina, Sfax, Tunisie",Sfax,sfax;medina;sud,Tunisie,34.7406,10.7603,HISTORIC_SITE,OUTDOOR,ALL,3,6,70,6,LOW,True,formes;couleurs;sensoriel;sfax,HIGH,HIGHLY_RECOMMENDED
141,Sortie culturelle à Médina de Sfax,Découverte culturelle avec discussion simple et production créative au retour.,SORTIE,Médina de Sfax,"Médina, Sfax, Tunisie",Sfax,sfax;medina;sud,Tunisie,34.7406,10.7603,HISTORIC_SITE,OUTDOOR,ALL,4,6,140,19,MEDIUM,True,culture;patrimoine;sortie;sfax,HIGH,RECOMMENDED
142,Mini reportage enfants - Médina de Sfax,"Les enfants observent, posent des questions et préparent un dessin souvenir.",ATELIER,Médina de Sfax,"Médina, Sfax, Tunisie",Sfax,sfax;medina;sud,Tunisie,34.7406,10.7603,HISTORIC_SITE,OUTDOOR,ALL,5,6,110,12,LOW,True,reportage;expression;observation;sfax,VERY_HIGH,HIGHLY_RECOMMENDED
143,Fête thématique à Médina de Sfax,Animation festive avec jeux musicaux et souvenirs autour d’un thème saisonnier.,FETE,Médina de Sfax,"Médina, Sfax, Tunisie",Sfax,sfax;medina;sud,Tunisie,34.7406,10.7603,HISTORIC_SITE,OUTDOOR,ETE,3,6,150,32,MEDIUM,True,fete;musique;animation;sfax,MEDIUM,RECOMMENDED
144,Sortie sensorielle à Médina de Sfax,"Jeux de textures, sons et couleurs pour stimuler les sens.",SORTIE,Médina de Sfax,"Médina, Sfax, Tunisie",Sfax,sfax;medina;sud,Tunisie,34.7406,10.7603,HISTORIC_SITE,OUTDOOR,ALL,2,6,100,13,LOW,True,sensoriel;decouverte;sortie;sfax,HIGH,RECOMMENDED
145,Atelier écologie à Médina de Sfax,"Sensibilisation au respect du lieu, tri simple et geste citoyen.",ATELIER,Médina de Sfax,"Médina, Sfax, Tunisie",Sfax,sfax;medina;sud,Tunisie,34.7406,10.7603,HISTORIC_SITE,OUTDOOR,ALL,4,6,80,4,LOW,True,ecologie;citoyennete;tri;sfax,VERY_HIGH,HIGHLY_RECOMMENDED
146,Visite découverte - Complexe culturel Mohamed Jamoussi,"Observation guidée du lieu, vocabulaire nouveau et mini-jeu de repérage adapté aux enfants.",SORTIE,Complexe culturel Mohamed Jamoussi,"Sfax, Tunisie",Sfax,sfax;culture;sud,Tunisie,34.7478,10.7661,CULTURAL_CENTER,INDOOR,ALL,4,6,120,15,LOW,True,decouverte;observation;sortie;sfax,HIGH,RECOMMENDED
147,Atelier nature à Complexe culturel Mohamed Jamoussi,"Activité d’observation, collecte symbolique et dessin autour de la nature du site.",ATELIER,Complexe culturel Mohamed Jamoussi,"Sfax, Tunisie",Sfax,sfax;culture;sud,Tunisie,34.7478,10.7661,CULTURAL_CENTER,INDOOR,PRINTEMPS,3,6,90,9,LOW,True,nature;observation;dessin;sfax,VERY_HIGH,HIGHLY_RECOMMENDED
148,Parcours motricité en plein air - Complexe culturel Mohamed Jamoussi,"Jeux moteurs, équilibre et coordination dans un espace sécurisé en extérieur.",ACTIVITE,Complexe culturel Mohamed Jamoussi,"Sfax, Tunisie",Sfax,sfax;culture;sud,Tunisie,34.7478,10.7661,CULTURAL_CENTER,INDOOR,ALL,3,6,75,7,LOW,True,motricite;plein_air;coordination;sfax,HIGH,HIGHLY_RECOMMENDED
149,Conte itinérant à Complexe culturel Mohamed Jamoussi,Lecture courte suivie d’un parcours de questions et d’images.,ACTIVITE,Complexe culturel Mohamed Jamoussi,"Sfax, Tunisie",Sfax,sfax;culture;sud,Tunisie,34.7478,10.7661,CULTURAL_CENTER,INDOOR,ALL,2,5,60,5,LOW,True,lecture;conte;langage;sfax,HIGH,HIGHLY_RECOMMENDED
150,Chasse aux formes et couleurs - Complexe culturel Mohamed Jamoussi,"Les enfants cherchent formes, couleurs et textures autour du lieu.",ACTIVITE,Complexe culturel Mohamed Jamoussi,"Sfax, Tunisie",Sfax,sfax;culture;sud,Tunisie,34.7478,10.7661,CULTURAL_CENTER,INDOOR,ALL,3,6,70,6,LOW,True,formes;couleurs;sensoriel;sfax,HIGH,HIGHLY_RECOMMENDED
151,Sortie culturelle à Complexe culturel Mohamed Jamoussi,Découverte culturelle avec discussion simple et production créative au retour.,SORTIE,Complexe culturel Mohamed Jamoussi,"Sfax, Tunisie",Sfax,sfax;culture;sud,Tunisie,34.7478,10.7661,CULTURAL_CENTER,INDOOR,ALL,4,6,140,19,MEDIUM,True,culture;patrimoine;sortie;sfax,HIGH,RECOMMENDED
152,Mini reportage enfants - Complexe culturel Mohamed Jamoussi,"Les enfants observent, posent des questions et préparent un dessin souvenir.",ATELIER,Complexe culturel Mohamed Jamoussi,"Sfax, Tunisie",Sfax,sfax;culture;sud,Tunisie,34.7478,10.7661,CULTURAL_CENTER,INDOOR,ALL,5,6,110,12,LOW,True,reportage;expression;observation;sfax,VERY_HIGH,HIGHLY_RECOMMENDED
153,Fête thématique à Complexe culturel Mohamed Jamoussi,Animation festive avec jeux musicaux et souvenirs autour d’un thème saisonnier.,FETE,Complexe culturel Mohamed Jamoussi,"Sfax, Tunisie",Sfax,sfax;culture;sud,Tunisie,34.7478,10.7661,CULTURAL_CENTER,INDOOR,ETE,3,6,150,32,MEDIUM,True,fete;musique;animation;sfax,MEDIUM,RECOMMENDED
154,Sortie sensorielle à Complexe culturel Mohamed Jamoussi,"Jeux de textures, sons et couleurs pour stimuler les sens.",SORTIE,Complexe culturel Mohamed Jamoussi,"Sfax, Tunisie",Sfax,sfax;culture;sud,Tunisie,34.7478,10.7661,CULTURAL_CENTER,INDOOR,ALL,2,6,100,13,LOW,True,sensoriel;decouverte;sortie;sfax,HIGH,RECOMMENDED
155,Atelier écologie à Complexe culturel Mohamed Jamoussi,"Sensibilisation au respect du lieu, tri simple et geste citoyen.",ATELIER,Complexe culturel Mohamed Jamoussi,"Sfax, Tunisie",Sfax,sfax;culture;sud,Tunisie,34.7478,10.7661,CULTURAL_CENTER,INDOOR,ALL,4,6,80,4,LOW,True,ecologie;citoyennete;tri;sfax,VERY_HIGH,HIGHLY_RECOMMENDED
156,Visite découverte - Ribat de Monastir,"Observation guidée du lieu, vocabulaire nouveau et mini-jeu de repérage adapté aux enfants.",SORTIE,Ribat de Monastir,"Ribat, Monastir, Tunisie",Monastir,monastir;ribat;sahel,Tunisie,35.777,10.833,HISTORIC_SITE,OUTDOOR,ALL,4,6,120,18,MEDIUM,True,decouverte;observation;sortie;monastir,HIGH,RECOMMENDED
157,Atelier nature à Ribat de Monastir,"Activité d’observation, collecte symbolique et dessin autour de la nature du site.",ATELIER,Ribat de Monastir,"Ribat, Monastir, Tunisie",Monastir,monastir;ribat;sahel,Tunisie,35.777,10.833,HISTORIC_SITE,OUTDOOR,PRINTEMPS,3,6,90,12,LOW,True,nature;observation;dessin;monastir,VERY_HIGH,HIGHLY_RECOMMENDED
158,Parcours motricité en plein air - Ribat de Monastir,"Jeux moteurs, équilibre et coordination dans un espace sécurisé en extérieur.",ACTIVITE,Ribat de Monastir,"Ribat, Monastir, Tunisie",Monastir,monastir;ribat;sahel,Tunisie,35.777,10.833,HISTORIC_SITE,OUTDOOR,ALL,3,6,75,10,LOW,True,motricite;plein_air;coordination;monastir,HIGH,RECOMMENDED
159,Conte itinérant à Ribat de Monastir,Lecture courte suivie d’un parcours de questions et d’images.,ACTIVITE,Ribat de Monastir,"Ribat, Monastir, Tunisie",Monastir,monastir;ribat;sahel,Tunisie,35.777,10.833,HISTORIC_SITE,OUTDOOR,ALL,2,5,60,8,LOW,True,lecture;conte;langage;monastir,HIGH,HIGHLY_RECOMMENDED
160,Chasse aux formes et couleurs - Ribat de Monastir,"Les enfants cherchent formes, couleurs et textures autour du lieu.",ACTIVITE,Ribat de Monastir,"Ribat, Monastir, Tunisie",Monastir,monastir;ribat;sahel,Tunisie,35.777,10.833,HISTORIC_SITE,OUTDOOR,ALL,3,6,70,9,LOW,True,formes;couleurs;sensoriel;monastir,HIGH,RECOMMENDED
161,Visite découverte - Vieux Port de Bizerte,"Observation guidée du lieu, vocabulaire nouveau et mini-jeu de repérage adapté aux enfants.",SORTIE,Vieux Port de Bizerte,"Vieux Port, Bizerte, Tunisie",Bizerte,bizerte;port;nord,Tunisie,37.2746,9.8739,HISTORIC_SITE,OUTDOOR,ALL,4,6,120,15,LOW,True,decouverte;observation;sortie;bizerte,HIGH,RECOMMENDED
162,Atelier nature à Vieux Port de Bizerte,"Activité d’observation, collecte symbolique et dessin autour de la nature du site.",ATELIER,Vieux Port de Bizerte,"Vieux Port, Bizerte, Tunisie",Bizerte,bizerte;port;nord,Tunisie,37.2746,9.8739,HISTORIC_SITE,OUTDOOR,PRINTEMPS,3,6,90,9,LOW,True,nature;observation;dessin;bizerte,VERY_HIGH,HIGHLY_RECOMMENDED
163,Parcours motricité en plein air - Vieux Port de Bizerte,"Jeux moteurs, équilibre et coordination dans un espace sécurisé en extérieur.",ACTIVITE,Vieux Port de Bizerte,"Vieux Port, Bizerte, Tunisie",Bizerte,bizerte;port;nord,Tunisie,37.2746,9.8739,HISTORIC_SITE,OUTDOOR,ALL,3,6,75,7,LOW,True,motricite;plein_air;coordination;bizerte,HIGH,HIGHLY_RECOMMENDED
164,Conte itinérant à Vieux Port de Bizerte,Lecture courte suivie d’un parcours de questions et d’images.,ACTIVITE,Vieux Port de Bizerte,"Vieux Port, Bizerte, Tunisie",Bizerte,bizerte;port;nord,Tunisie,37.2746,9.8739,HISTORIC_SITE,OUTDOOR,ALL,2,5,60,5,LOW,True,lecture;conte;langage;bizerte,HIGH,HIGHLY_RECOMMENDED
165,Chasse aux formes et couleurs - Vieux Port de Bizerte,"Les enfants cherchent formes, couleurs et textures autour du lieu.",ACTIVITE,Vieux Port de Bizerte,"Vieux Port, Bizerte, Tunisie",Bizerte,bizerte;port;nord,Tunisie,37.2746,9.8739,HISTORIC_SITE,OUTDOOR,ALL,3,6,70,6,LOW,True,formes;couleurs;sensoriel;bizerte,HIGH,HIGHLY_RECOMMENDED
166,Visite découverte - Bassins des Aghlabides,"Observation guidée du lieu, vocabulaire nouveau et mini-jeu de repérage adapté aux enfants.",SORTIE,Bassins des Aghlabides,"Kairouan, Tunisie",Kairouan,kairouan;aghlabides;centre,Tunisie,35.6814,10.1019,HISTORIC_SITE,OUTDOOR,ALL,4,6,120,15,LOW,True,decouverte;observation;sortie;kairouan,HIGH,RECOMMENDED
167,Atelier nature à Bassins des Aghlabides,"Activité d’observation, collecte symbolique et dessin autour de la nature du site.",ATELIER,Bassins des Aghlabides,"Kairouan, Tunisie",Kairouan,kairouan;aghlabides;centre,Tunisie,35.6814,10.1019,HISTORIC_SITE,OUTDOOR,PRINTEMPS,3,6,90,9,LOW,True,nature;observation;dessin;kairouan,VERY_HIGH,HIGHLY_RECOMMENDED
168,Parcours motricité en plein air - Bassins des Aghlabides,"Jeux moteurs, équilibre et coordination dans un espace sécurisé en extérieur.",ACTIVITE,Bassins des Aghlabides,"Kairouan, Tunisie",Kairouan,kairouan;aghlabides;centre,Tunisie,35.6814,10.1019,HISTORIC_SITE,OUTDOOR,ALL,3,6,75,7,LOW,True,motricite;plein_air;coordination;kairouan,HIGH,HIGHLY_RECOMMENDED
169,Conte itinérant à Bassins des Aghlabides,Lecture courte suivie d’un parcours de questions et d’images.,ACTIVITE,Bassins des Aghlabides,"Kairouan, Tunisie",Kairouan,kairouan;aghlabides;centre,Tunisie,35.6814,10.1019,HISTORIC_SITE,OUTDOOR,ALL,2,5,60,5,LOW,True,lecture;conte;langage;kairouan,HIGH,HIGHLY_RECOMMENDED
170,Chasse aux formes et couleurs - Bassins des Aghlabides,"Les enfants cherchent formes, couleurs et textures autour du lieu.",ACTIVITE,Bassins des Aghlabides,"Kairouan, Tunisie",Kairouan,kairouan;aghlabides;centre,Tunisie,35.6814,10.1019,HISTORIC_SITE,OUTDOOR,ALL,3,6,70,6,LOW,True,formes;couleurs;sensoriel;kairouan,HIGH,HIGHLY_RECOMMENDED
